region,fold,model,week_start,actual,forecast
Midwest,1,Seasonal naive,2015-06-20,66880,61790.0
Midwest,1,Seasonal naive,2015-06-27,78308,73702.0
Midwest,1,Seasonal naive,2015-07-04,78289,76097.0
Midwest,1,Seasonal naive,2015-07-11,84223,75045.0
Midwest,1,Seasonal naive,2015-07-18,71627,63367.0
Midwest,1,Seasonal naive,2015-07-25,69824,64178.0
Midwest,1,Seasonal naive,2015-08-01,84116,77014.0
Midwest,1,Seasonal naive,2015-08-08,79825,77492.0
Midwest,1,Seasonal naive,2015-08-15,75140,69255.0
Midwest,1,Seasonal naive,2015-08-22,69068,68080.0
Midwest,1,Seasonal naive,2015-08-29,82673,77260.0
Midwest,1,Seasonal naive,2015-09-05,84870,76384.0
Midwest,1,ARIMA+Fourier,2015-06-20,66880,77811.48566804267
Midwest,1,ARIMA+Fourier,2015-06-27,78308,77791.51669389044
Midwest,1,ARIMA+Fourier,2015-07-04,78289,77667.28510745153
Midwest,1,ARIMA+Fourier,2015-07-11,84223,77393.25397823074
Midwest,1,ARIMA+Fourier,2015-07-18,71627,77043.06529581916
Midwest,1,ARIMA+Fourier,2015-07-25,69824,76704.90987917052
Midwest,1,ARIMA+Fourier,2015-08-01,84116,76446.44315759053
Midwest,1,ARIMA+Fourier,2015-08-08,79825,76301.92612242351
Midwest,1,ARIMA+Fourier,2015-08-15,75140,76270.8189736686
Midwest,1,ARIMA+Fourier,2015-08-22,69068,76324.05643884497
Midwest,1,ARIMA+Fourier,2015-08-29,82673,76415.25290365482
Midwest,1,ARIMA+Fourier,2015-09-05,84870,76493.98536250815
Midwest,1,Prophet,2015-06-20,66880,76804.44657290922
Midwest,1,Prophet,2015-06-27,78308,76604.51711622743
Midwest,1,Prophet,2015-07-04,78289,75702.57933386805
Midwest,1,Prophet,2015-07-11,84223,74499.44164414515
Midwest,1,Prophet,2015-07-18,71627,73451.76866298412
Midwest,1,Prophet,2015-07-25,69824,72904.0396090533
Midwest,1,Prophet,2015-08-01,84116,72977.14013333652
Midwest,1,Prophet,2015-08-08,79825,73552.44486401303
Midwest,1,Prophet,2015-08-15,75140,74347.6798089447
Midwest,1,Prophet,2015-08-22,69068,75043.6429951371
Midwest,1,Prophet,2015-08-29,82673,75404.90718582367
Midwest,1,Prophet,2015-09-05,84870,75347.90968632682
Midwest,2,Seasonal naive,2015-09-12,83151,70051.0
Midwest,2,Seasonal naive,2015-09-19,72720,61852.0
Midwest,2,Seasonal naive,2015-09-26,76715,71440.0
Midwest,2,Seasonal naive,2015-10-03,91148,77069.0
Midwest,2,Seasonal naive,2015-10-10,85812,76719.0
Midwest,2,Seasonal naive,2015-10-17,73704,65149.0
Midwest,2,Seasonal naive,2015-10-24,74939,62848.0
Midwest,2,Seasonal naive,2015-10-31,80689,76722.0
Midwest,2,Seasonal naive,2015-11-07,81533,75801.0
Midwest,2,Seasonal naive,2015-11-14,81227,68880.0
Midwest,2,Seasonal naive,2015-11-21,67835,60682.0
Midwest,2,Seasonal naive,2015-11-28,76411,70556.0
Midwest,2,ARIMA+Fourier,2015-09-12,83151,79451.16985607683
Midwest,2,ARIMA+Fourier,2015-09-19,72720,78275.70113362944
Midwest,2,ARIMA+Fourier,2015-09-26,76715,77858.99659632207
Midwest,2,ARIMA+Fourier,2015-10-03,91148,77535.94526278837
Midwest,2,ARIMA+Fourier,2015-10-10,85812,77199.21570224293
Midwest,2,ARIMA+Fourier,2015-10-17,73704,76855.33331712586
Midwest,2,ARIMA+Fourier,2015-10-24,74939,76526.98372426428
Midwest,2,ARIMA+Fourier,2015-10-31,80689,76229.80287795837
Midwest,2,ARIMA+Fourier,2015-11-07,81533,75968.77367200714
Midwest,2,ARIMA+Fourier,2015-11-14,81227,75742.16310187153
Midwest,2,ARIMA+Fourier,2015-11-21,67835,75548.87157450954
Midwest,2,ARIMA+Fourier,2015-11-28,76411,75396.16400300934
Midwest,2,Prophet,2015-09-12,83151,76555.5722333065
Midwest,2,Prophet,2015-09-19,72720,75872.99837465132
Midwest,2,Prophet,2015-09-26,76715,75072.38627145793
Midwest,2,Prophet,2015-10-03,91148,74335.85199436214
Midwest,2,Prophet,2015-10-10,85812,73802.31570261474
Midwest,2,Prophet,2015-10-17,73704,73542.050559126
Midwest,2,Prophet,2015-10-24,74939,73551.16403697847
Midwest,2,Prophet,2015-10-31,80689,73759.74415597999
Midwest,2,Prophet,2015-11-07,81533,74049.00373842932
Midwest,2,Prophet,2015-11-14,81227,74276.9721514155
Midwest,2,Prophet,2015-11-21,67835,74314.010651595
Midwest,2,Prophet,2015-11-28,76411,74085.69173764276
Midwest,3,Seasonal naive,2015-12-05,83554,72168.0
Midwest,3,Seasonal naive,2015-12-12,80733,68799.0
Midwest,3,Seasonal naive,2015-12-19,69118,57588.0
Midwest,3,Seasonal naive,2015-12-26,70727,64898.0
Midwest,3,Seasonal naive,2016-01-02,84700,71188.0
Midwest,3,Seasonal naive,2016-01-09,89447,80342.0
Midwest,3,Seasonal naive,2016-01-16,77755,65157.0
Midwest,3,Seasonal naive,2016-01-23,75672,68224.0
Midwest,3,Seasonal naive,2016-01-30,90992,83252.0
Midwest,3,Seasonal naive,2016-02-06,98350,87636.0
Midwest,3,Seasonal naive,2016-02-13,95695,73762.0
Midwest,3,Seasonal naive,2016-02-20,83952,70569.0
Midwest,3,ARIMA+Fourier,2015-12-05,83554,76079.21186400941
Midwest,3,ARIMA+Fourier,2015-12-12,80733,76039.48122262719
Midwest,3,ARIMA+Fourier,2015-12-19,69118,76210.48311585255
Midwest,3,ARIMA+Fourier,2015-12-26,70727,76601.62926523764
Midwest,3,ARIMA+Fourier,2016-01-02,84700,77226.08242364058
Midwest,3,ARIMA+Fourier,2016-01-09,89447,78074.30394948748
Midwest,3,ARIMA+Fourier,2016-01-16,77755,79101.85505030552
Midwest,3,ARIMA+Fourier,2016-01-23,75672,80224.21419784245
Midwest,3,ARIMA+Fourier,2016-01-30,90992,81319.36284687594
Midwest,3,ARIMA+Fourier,2016-02-06,98350,82239.9107677858
Midwest,3,ARIMA+Fourier,2016-02-13,95695,82834.9902427887
Midwest,3,ARIMA+Fourier,2016-02-20,83952,82978.97241717068
Midwest,3,Prophet,2015-12-05,83554,75783.43171184082
Midwest,3,Prophet,2015-12-12,80733,75330.93333964242
Midwest,3,Prophet,2015-12-19,69118,75002.31548688166
Midwest,3,Prophet,2015-12-26,70727,75041.92010423669
Midwest,3,Prophet,2016-01-02,84700,75671.79954907374
Midwest,3,Prophet,2016-01-09,89447,76991.34113430044
Midwest,3,Prophet,2016-01-16,77755,78904.25362618425
Midwest,3,Prophet,2016-01-23,75672,81110.99419682864
Midwest,3,Prophet,2016-01-30,90992,83180.41151281755
Midwest,3,Prophet,2016-02-06,98350,84680.42513297783
Midwest,3,Prophet,2016-02-13,95695,85319.34952317202
Midwest,3,Prophet,2016-02-20,83952,85040.9446264707
Midwest,4,Seasonal naive,2016-02-27,90264,78270.0
Midwest,4,Seasonal naive,2016-03-05,97040,78712.0
Midwest,4,Seasonal naive,2016-03-12,93999,71792.0
Midwest,4,Seasonal naive,2016-03-19,84417,65688.0
Midwest,4,Seasonal naive,2016-03-26,82396,71900.0
Midwest,4,Seasonal naive,2016-04-02,99538,75785.0
Midwest,4,Seasonal naive,2016-04-09,100653,78291.0
Midwest,4,Seasonal naive,2016-04-16,86585,67746.0
Midwest,4,Seasonal naive,2016-04-23,84338,68520.0
Midwest,4,Seasonal naive,2016-04-30,98991,82335.0
Midwest,4,Seasonal naive,2016-05-07,100532,77371.0
Midwest,4,Seasonal naive,2016-05-14,96909,70127.0
Midwest,4,ARIMA+Fourier,2016-02-27,90264,86185.41417533824
Midwest,4,ARIMA+Fourier,2016-03-05,97040,85681.45238613721
Midwest,4,ARIMA+Fourier,2016-03-12,93999,84249.6020718632
Midwest,4,ARIMA+Fourier,2016-03-19,84417,82440.83654463907
Midwest,4,ARIMA+Fourier,2016-03-26,82396,80551.16381896178
Midwest,4,ARIMA+Fourier,2016-04-02,99538,78813.01410302502
Midwest,4,ARIMA+Fourier,2016-04-09,100653,77412.44941694892
Midwest,4,ARIMA+Fourier,2016-04-16,86585,76478.71579559532
Midwest,4,ARIMA+Fourier,2016-04-23,84338,76076.4646876608
Midwest,4,ARIMA+Fourier,2016-04-30,98991,76204.64891407586
Midwest,4,ARIMA+Fourier,2016-05-07,100532,76801.11870202732
Midwest,4,ARIMA+Fourier,2016-05-14,96909,77752.31891147897
Midwest,4,Prophet,2016-02-27,90264,86836.80902367854
Midwest,4,Prophet,2016-03-05,97040,85116.41761583828
Midwest,4,Prophet,2016-03-12,93999,83514.02052501052
Midwest,4,Prophet,2016-03-19,84417,82325.8375350286
Midwest,4,Prophet,2016-03-26,82396,81591.7034175349
Midwest,4,Prophet,2016-04-02,99538,81132.22239610797
Midwest,4,Prophet,2016-04-09,100653,80683.66968745505
Midwest,4,Prophet,2016-04-16,86585,80064.05268231392
Midwest,4,Prophet,2016-04-23,84338,79290.62154601645
Midwest,4,Prophet,2016-04-30,98991,78592.85314903125
Midwest,4,Prophet,2016-05-07,100532,78314.35263617891
Midwest,4,Prophet,2016-05-14,96909,78749.1955555118
South,1,Seasonal naive,2015-06-20,71725,68302.0
South,1,Seasonal naive,2015-06-27,77097,77647.0
South,1,Seasonal naive,2015-07-04,76540,77057.0
South,1,Seasonal naive,2015-07-11,81928,76139.0
South,1,Seasonal naive,2015-07-18,78337,70649.0
South,1,Seasonal naive,2015-07-25,74781,72078.0
South,1,Seasonal naive,2015-08-01,84597,76667.0
South,1,Seasonal naive,2015-08-08,80969,75216.0
South,1,Seasonal naive,2015-08-15,73980,74333.0
South,1,Seasonal naive,2015-08-22,72151,73994.0
South,1,Seasonal naive,2015-08-29,73173,72218.0
South,1,Seasonal naive,2015-09-05,75350,73879.0
South,1,ARIMA+Fourier,2015-06-20,71725,79063.79485231538
South,1,ARIMA+Fourier,2015-06-27,77097,79122.68472066468
South,1,ARIMA+Fourier,2015-07-04,76540,79162.97033161632
South,1,ARIMA+Fourier,2015-07-11,81928,79140.9660285233
South,1,ARIMA+Fourier,2015-07-18,78337,79107.96361200947
South,1,ARIMA+Fourier,2015-07-25,74781,79115.96092996461
South,1,ARIMA+Fourier,2015-08-01,84597,79191.08366505838
South,1,ARIMA+Fourier,2015-08-08,80969,79325.25033593667
South,1,ARIMA+Fourier,2015-08-15,73980,79477.71789178485
South,1,ARIMA+Fourier,2015-08-22,72151,79584.28439386188
South,1,ARIMA+Fourier,2015-08-29,73173,79571.98294367212
South,1,ARIMA+Fourier,2015-09-05,75350,79376.0951669133
South,1,Prophet,2015-06-20,71725,79031.51214759708
South,1,Prophet,2015-06-27,77097,78347.77042459579
South,1,Prophet,2015-07-04,76540,77358.54571236784
South,1,Prophet,2015-07-11,81928,76622.89900735492
South,1,Prophet,2015-07-18,78337,76537.92477299974
South,1,Prophet,2015-07-25,74781,77168.94807357501
South,1,Prophet,2015-08-01,84597,78239.45170537451
South,1,Prophet,2015-08-08,80969,79278.86920139361
South,1,Prophet,2015-08-15,73980,79851.11772001014
South,1,Prophet,2015-08-22,72151,79750.92155618899
South,1,Prophet,2015-08-29,73173,79075.2486356673
South,1,Prophet,2015-09-05,75350,78142.2645426589
South,2,Seasonal naive,2015-09-12,77126,71183.0
South,2,Seasonal naive,2015-09-19,74734,67181.0
South,2,Seasonal naive,2015-09-26,73238,70672.0
South,2,Seasonal naive,2015-10-03,81230,72913.0
South,2,Seasonal naive,2015-10-10,76820,71376.0
South,2,Seasonal naive,2015-10-17,74267,65925.0
South,2,Seasonal naive,2015-10-24,69580,65097.0
South,2,Seasonal naive,2015-10-31,71066,68964.0
South,2,Seasonal naive,2015-11-07,72514,68604.0
South,2,Seasonal naive,2015-11-14,71559,65861.0
South,2,Seasonal naive,2015-11-21,70616,67430.0
South,2,Seasonal naive,2015-11-28,64929,63462.0
South,2,ARIMA+Fourier,2015-09-12,77126,75534.68772521876
South,2,ARIMA+Fourier,2015-09-19,74734,75045.65736150264
South,2,ARIMA+Fourier,2015-09-26,73238,74313.74464922475
South,2,ARIMA+Fourier,2015-10-03,81230,73449.15481771345
South,2,ARIMA+Fourier,2015-10-10,76820,72513.08326425908
South,2,ARIMA+Fourier,2015-10-17,74267,71558.29081341847
South,2,ARIMA+Fourier,2015-10-24,69580,70629.86416683243
South,2,ARIMA+Fourier,2015-10-31,71066,69761.75466186472
South,2,ARIMA+Fourier,2015-11-07,72514,68975.82556119765
South,2,ARIMA+Fourier,2015-11-14,71559,68284.16188192891
South,2,ARIMA+Fourier,2015-11-21,70616,67693.7069730297
South,2,ARIMA+Fourier,2015-11-28,64929,67211.65320498051
South,2,Prophet,2015-09-12,77126,75937.90541185973
South,2,Prophet,2015-09-19,74734,75784.84152737417
South,2,Prophet,2015-09-26,73238,75778.50560216769
South,2,Prophet,2015-10-03,81230,75594.21843375599
South,2,Prophet,2015-10-10,76820,74944.3811595296
South,2,Prophet,2015-10-17,74267,73743.86099125425
South,2,Prophet,2015-10-24,69580,72175.87623488311
South,2,Prophet,2015-10-31,71066,70621.0440525858
South,2,Prophet,2015-11-07,72514,69482.08482607121
South,2,Prophet,2015-11-14,71559,68991.09288893505
South,2,Prophet,2015-11-21,70616,69097.32625829837
South,2,Prophet,2015-11-28,64929,69494.83407993223
South,3,Seasonal naive,2015-12-05,69799,67247.0
South,3,Seasonal naive,2015-12-12,75963,70739.0
South,3,Seasonal naive,2015-12-19,63760,60326.0
South,3,Seasonal naive,2015-12-26,68229,62473.0
South,3,Seasonal naive,2016-01-02,69155,66738.0
South,3,Seasonal naive,2016-01-09,76213,69165.0
South,3,Seasonal naive,2016-01-16,73123,66969.0
South,3,Seasonal naive,2016-01-23,69507,67307.0
South,3,Seasonal naive,2016-01-30,76145,76489.0
South,3,Seasonal naive,2016-02-06,83905,82055.0
South,3,Seasonal naive,2016-02-13,81043,71392.0
South,3,Seasonal naive,2016-02-20,77050,70056.0
South,3,ARIMA+Fourier,2015-12-05,69799,67221.9435607323
South,3,ARIMA+Fourier,2015-12-12,75963,67464.54041268709
South,3,ARIMA+Fourier,2015-12-19,63760,67491.5625148562
South,3,ARIMA+Fourier,2015-12-26,68229,67656.37378584352
South,3,ARIMA+Fourier,2016-01-02,69155,68031.72833456002
South,3,ARIMA+Fourier,2016-01-09,76213,68627.46553278554
South,3,ARIMA+Fourier,2016-01-16,73123,69424.72304825063
South,3,ARIMA+Fourier,2016-01-23,69507,70379.11748571128
South,3,ARIMA+Fourier,2016-01-30,76145,71421.5596133484
South,3,ARIMA+Fourier,2016-02-06,83905,72462.88808851481
South,3,ARIMA+Fourier,2016-02-13,81043,73403.80757866995
South,3,ARIMA+Fourier,2016-02-20,77050,74149.54173207551
South,3,Prophet,2015-12-05,69799,69836.93685707176
South,3,Prophet,2015-12-12,75963,69707.70152922781
South,3,Prophet,2015-12-19,63760,69194.40128246073
South,3,Prophet,2015-12-26,68229,68564.44728436213
South,3,Prophet,2016-01-02,69155,68252.26776585841
South,3,Prophet,2016-01-09,76213,68648.86978341304
South,3,Prophet,2016-01-16,73123,69902.05899043506
South,3,Prophet,2016-01-23,69507,71825.2570409387
South,3,Prophet,2016-01-30,76145,73961.1273024627
South,3,Prophet,2016-02-06,83905,75771.40141053517
South,3,Prophet,2016-02-13,81043,76863.15703780805
South,3,Prophet,2016-02-20,77050,77144.4643537606
South,4,Seasonal naive,2016-02-27,77212,73704.0
South,4,Seasonal naive,2016-03-05,78844,76288.0
South,4,Seasonal naive,2016-03-12,81524,74858.0
South,4,Seasonal naive,2016-03-19,77318,68607.0
South,4,Seasonal naive,2016-03-26,75542,75713.0
South,4,Seasonal naive,2016-04-02,79813,77434.0
South,4,Seasonal naive,2016-04-09,79556,75782.0
South,4,Seasonal naive,2016-04-16,76776,72212.0
South,4,Seasonal naive,2016-04-23,76535,72898.0
South,4,Seasonal naive,2016-04-30,82070,77931.0
South,4,Seasonal naive,2016-05-07,82793,77101.0
South,4,Seasonal naive,2016-05-14,84053,74541.0
South,4,ARIMA+Fourier,2016-02-27,77212,78571.59588556888
South,4,ARIMA+Fourier,2016-03-05,78844,78862.08982435241
South,4,ARIMA+Fourier,2016-03-12,81524,78679.10348479204
South,4,ARIMA+Fourier,2016-03-19,77318,78219.75427894661
South,4,ARIMA+Fourier,2016-03-26,75542,77611.12685074902
South,4,ARIMA+Fourier,2016-04-02,79813,76979.2878369788
South,4,ARIMA+Fourier,2016-04-09,79556,76443.94143726717
South,4,ARIMA+Fourier,2016-04-16,76776,76103.11744895695
South,4,ARIMA+Fourier,2016-04-23,76535,76020.85741685425
South,4,ARIMA+Fourier,2016-04-30,82070,76220.61035171818
South,4,ARIMA+Fourier,2016-05-07,82793,76684.5379665678
South,4,ARIMA+Fourier,2016-05-14,84053,77358.31991331355
South,4,Prophet,2016-02-27,77212,77913.34595176553
South,4,Prophet,2016-03-05,78844,77308.89006830532
South,4,Prophet,2016-03-12,81524,76964.98536222425
South,4,Prophet,2016-03-19,77318,77052.67834713143
South,4,Prophet,2016-03-26,75542,77448.90322950983
South,4,Prophet,2016-04-02,79813,77829.84989230099
South,4,Prophet,2016-04-09,79556,77867.80133169513
South,4,Prophet,2016-04-16,76776,77429.11294563251
South,4,Prophet,2016-04-23,76535,76670.74982898483
South,4,Prophet,2016-04-30,82070,75983.99616832487
South,4,Prophet,2016-05-07,82793,75811.04625820175
South,4,Prophet,2016-05-14,84053,76424.7214723665
West,1,Seasonal naive,2015-06-20,114923,110842.0
West,1,Seasonal naive,2015-06-27,129936,123470.0
West,1,Seasonal naive,2015-07-04,119239,119847.0
West,1,Seasonal naive,2015-07-11,124157,114173.0
West,1,Seasonal naive,2015-07-18,121177,111428.0
West,1,Seasonal naive,2015-07-25,117950,113606.0
West,1,Seasonal naive,2015-08-01,131107,121043.0
West,1,Seasonal naive,2015-08-08,128212,115806.0
West,1,Seasonal naive,2015-08-15,127399,116340.0
West,1,Seasonal naive,2015-08-22,118139,113286.0
West,1,Seasonal naive,2015-08-29,127226,115370.0
West,1,Seasonal naive,2015-09-05,128527,116085.0
West,1,ARIMA+Fourier,2015-06-20,114923,118648.89722371148
West,1,ARIMA+Fourier,2015-06-27,129936,119231.08981942119
West,1,ARIMA+Fourier,2015-07-04,119239,119618.34161818612
West,1,ARIMA+Fourier,2015-07-11,124157,119657.83303684663
West,1,ARIMA+Fourier,2015-07-18,121177,119402.18927666644
West,1,ARIMA+Fourier,2015-07-25,117950,118972.20152493475
West,1,ARIMA+Fourier,2015-08-01,131107,118508.13793243218
West,1,ARIMA+Fourier,2015-08-08,128212,118134.97192685436
West,1,ARIMA+Fourier,2015-08-15,127399,117935.21469146438
West,1,ARIMA+Fourier,2015-08-22,118139,117931.84170708428
West,1,ARIMA+Fourier,2015-08-29,127226,118083.24712343546
West,1,ARIMA+Fourier,2015-09-05,128527,118290.74093291198
West,1,Prophet,2015-06-20,114923,116484.33776554976
West,1,Prophet,2015-06-27,129936,115928.7898762192
West,1,Prophet,2015-07-04,119239,114775.19076940905
West,1,Prophet,2015-07-11,124157,113592.29454256284
West,1,Prophet,2015-07-18,121177,112844.61966334702
West,1,Prophet,2015-07-25,117950,112726.34028359379
West,1,Prophet,2015-08-01,131107,113129.61071802095
West,1,Prophet,2015-08-08,128212,113743.81640760407
West,1,Prophet,2015-08-15,127399,114223.94542498578
West,1,Prophet,2015-08-22,118139,114342.17926779418
West,1,Prophet,2015-08-29,127226,114055.50137302915
West,1,Prophet,2015-09-05,128527,113471.01883751614
West,2,Seasonal naive,2015-09-12,122994,113212.0
West,2,Seasonal naive,2015-09-19,125611,110960.0
West,2,Seasonal naive,2015-09-26,122496,113801.0
West,2,Seasonal naive,2015-10-03,133834,118372.0
West,2,Seasonal naive,2015-10-10,122803,106768.0
West,2,Seasonal naive,2015-10-17,120414,106959.0
West,2,Seasonal naive,2015-10-24,119090,103196.0
West,2,Seasonal naive,2015-10-31,118834,113969.0
West,2,Seasonal naive,2015-11-07,114769,108257.0
West,2,Seasonal naive,2015-11-14,112102,102140.0
West,2,Seasonal naive,2015-11-21,109965,103507.0
West,2,Seasonal naive,2015-11-28,107436,102201.0
West,2,ARIMA+Fourier,2015-09-12,122994,125863.43695272053
West,2,ARIMA+Fourier,2015-09-19,125611,125298.0592152823
West,2,ARIMA+Fourier,2015-09-26,122496,124689.08246669223
West,2,ARIMA+Fourier,2015-10-03,133834,123687.24571309212
West,2,ARIMA+Fourier,2015-10-10,122803,122256.67186907119
West,2,ARIMA+Fourier,2015-10-17,120414,120468.27100261106
West,2,ARIMA+Fourier,2015-10-24,119090,118456.00893715072
West,2,ARIMA+Fourier,2015-10-31,118834,116387.1477225728
West,2,ARIMA+Fourier,2015-11-07,114769,114432.17144238751
West,2,ARIMA+Fourier,2015-11-14,112102,112738.52878348275
West,2,ARIMA+Fourier,2015-11-21,109965,111412.48576649203
West,2,ARIMA+Fourier,2015-11-28,107436,110510.66672683222
West,2,Prophet,2015-09-12,122994,120225.31972923678
West,2,Prophet,2015-09-19,125611,119281.10241079974
West,2,Prophet,2015-09-26,122496,118304.88711111271
West,2,Prophet,2015-10-03,133834,117223.12746142689
West,2,Prophet,2015-10-10,122803,115941.57033382906
West,2,Prophet,2015-10-17,120414,114429.53675865577
West,2,Prophet,2015-10-24,119090,112762.40946188584
West,2,Prophet,2015-10-31,118834,111097.57713790817
West,2,Prophet,2015-11-07,114769,109599.31508463148
West,2,Prophet,2015-11-14,112102,108358.7830827282
West,2,Prophet,2015-11-21,109965,107359.08012057774
West,2,Prophet,2015-11-28,107436,106509.63967113147
West,3,Seasonal naive,2015-12-05,112600,104223.0
West,3,Seasonal naive,2015-12-12,112397,98920.0
West,3,Seasonal naive,2015-12-19,100748,90139.0
West,3,Seasonal naive,2015-12-26,106493,96059.0
West,3,Seasonal naive,2016-01-02,114786,102758.0
West,3,Seasonal naive,2016-01-09,117574,104414.0
West,3,Seasonal naive,2016-01-16,116899,102667.0
West,3,Seasonal naive,2016-01-23,117869,101273.0
West,3,Seasonal naive,2016-01-30,124397,109331.0
West,3,Seasonal naive,2016-02-06,123154,116705.0
West,3,Seasonal naive,2016-02-13,122541,98743.0
West,3,Seasonal naive,2016-02-20,119577,98561.0
West,3,ARIMA+Fourier,2015-12-05,112600,108782.92250262643
West,3,ARIMA+Fourier,2015-12-12,112397,108959.15763223192
West,3,ARIMA+Fourier,2015-12-19,100748,109280.20710854864
West,3,ARIMA+Fourier,2015-12-26,106493,109849.40984839581
West,3,ARIMA+Fourier,2016-01-02,114786,110601.72779391022
West,3,ARIMA+Fourier,2016-01-09,117574,111459.30116312437
West,3,ARIMA+Fourier,2016-01-16,116899,112359.73802331372
West,3,ARIMA+Fourier,2016-01-23,117869,113261.27990816107
West,3,ARIMA+Fourier,2016-01-30,124397,114139.29527809157
West,3,ARIMA+Fourier,2016-02-06,123154,114977.89072336403
West,3,ARIMA+Fourier,2016-02-13,122541,115760.0751061616
West,3,ARIMA+Fourier,2016-02-20,119577,116460.10583782801
West,3,Prophet,2015-12-05,112600,109952.89780810096
West,3,Prophet,2015-12-12,112397,109459.85905739869
West,3,Prophet,2015-12-19,100748,109192.53237197478
West,3,Prophet,2015-12-26,106493,109390.27109488467
West,3,Prophet,2016-01-02,114786,110280.0591220623
West,3,Prophet,2016-01-09,117574,111922.29051397236
West,3,Prophet,2016-01-16,116899,114117.59535284145
West,3,Prophet,2016-01-23,117869,116435.22363074867
West,3,Prophet,2016-01-30,124397,118364.68818385237
West,3,Prophet,2016-02-06,123154,119527.74868177657
West,3,Prophet,2016-02-13,122541,119850.63589278162
West,3,Prophet,2016-02-20,119577,119607.6508590143
West,4,Seasonal naive,2016-02-27,124363,107681.0
West,4,Seasonal naive,2016-03-05,128131,110130.0
West,4,Seasonal naive,2016-03-12,122028,105870.0
West,4,Seasonal naive,2016-03-19,119506,105312.0
West,4,Seasonal naive,2016-03-26,124759,112341.0
West,4,Seasonal naive,2016-04-02,130317,112401.0
West,4,Seasonal naive,2016-04-09,125994,105650.0
West,4,Seasonal naive,2016-04-16,123163,105725.0
West,4,Seasonal naive,2016-04-23,124237,108976.0
West,4,Seasonal naive,2016-04-30,134064,115187.0
West,4,Seasonal naive,2016-05-07,129126,106555.0
West,4,Seasonal naive,2016-05-14,131017,107154.0
West,4,ARIMA+Fourier,2016-02-27,124363,121738.54414894142
West,4,ARIMA+Fourier,2016-03-05,128131,122276.93831157444
West,4,ARIMA+Fourier,2016-03-12,122028,122402.683041956
West,4,ARIMA+Fourier,2016-03-19,119506,122292.48492859532
West,4,ARIMA+Fourier,2016-03-26,124759,121992.04258681879
West,4,ARIMA+Fourier,2016-04-02,130317,121553.80695633394
West,4,ARIMA+Fourier,2016-04-09,125994,121056.59732234401
West,4,ARIMA+Fourier,2016-04-16,123163,120601.67723298114
West,4,ARIMA+Fourier,2016-04-23,124237,120299.99051951912
West,4,ARIMA+Fourier,2016-04-30,134064,120255.04381654017
West,4,ARIMA+Fourier,2016-05-07,129126,120544.98878930043
West,4,ARIMA+Fourier,2016-05-14,131017,121207.12873575611
West,4,Prophet,2016-02-27,124363,121357.97458492666
West,4,Prophet,2016-03-05,128131,121521.46983942915
West,4,Prophet,2016-03-12,122028,122482.57642342814
West,4,Prophet,2016-03-19,119506,124064.9019577473
West,4,Prophet,2016-03-26,124759,125741.3067356627
West,4,Prophet,2016-04-02,130317,126871.50788140857
West,4,Prophet,2016-04-09,125994,127005.11247948428
West,4,Prophet,2016-04-16,123163,126112.63850260775
West,4,Prophet,2016-04-23,124237,124635.90451626494
West,4,Prophet,2016-04-30,134064,123328.9523459813
West,4,Prophet,2016-05-07,129126,122955.14860149639
West,4,Prophet,2016-05-14,131017,123971.68767524029
