cat_id,state_id,wm_yr_wk,week_start,units,region
FOODS,CA,11101,2011-01-29,59210,West
FOODS,CA,11102,2011-02-05,63209,West
FOODS,CA,11103,2011-02-12,53061,West
FOODS,CA,11104,2011-02-19,50180,West
FOODS,CA,11105,2011-02-26,53283,West
FOODS,CA,11106,2011-03-05,58100,West
FOODS,CA,11107,2011-03-12,52101,West
FOODS,CA,11108,2011-03-19,49812,West
FOODS,CA,11109,2011-03-26,52260,West
FOODS,CA,11110,2011-04-02,58785,West
FOODS,CA,11111,2011-04-09,53019,West
FOODS,CA,11112,2011-04-16,50454,West
FOODS,CA,11113,2011-04-23,44293,West
FOODS,CA,11114,2011-04-30,51022,West
FOODS,CA,11115,2011-05-07,50349,West
FOODS,CA,11116,2011-05-14,45998,West
FOODS,CA,11117,2011-05-21,46656,West
FOODS,CA,11118,2011-05-28,48689,West
FOODS,CA,11119,2011-06-04,56288,West
FOODS,CA,11120,2011-06-11,53167,West
FOODS,CA,11121,2011-06-18,52300,West
FOODS,CA,11122,2011-06-25,50993,West
FOODS,CA,11123,2011-07-02,61554,West
FOODS,CA,11124,2011-07-09,53013,West
FOODS,CA,11125,2011-07-16,52383,West
FOODS,CA,11126,2011-07-23,50674,West
FOODS,CA,11127,2011-07-30,53594,West
FOODS,CA,11128,2011-08-06,57531,West
FOODS,CA,11129,2011-08-13,56367,West
FOODS,CA,11130,2011-08-20,53254,West
FOODS,CA,11131,2011-08-27,53190,West
FOODS,CA,11132,2011-09-03,59287,West
FOODS,CA,11133,2011-09-10,55392,West
FOODS,CA,11134,2011-09-17,56929,West
FOODS,CA,11135,2011-09-24,59594,West
FOODS,CA,11136,2011-10-01,67655,West
FOODS,CA,11137,2011-10-08,67113,West
FOODS,CA,11138,2011-10-15,61633,West
FOODS,CA,11139,2011-10-22,58266,West
FOODS,CA,11140,2011-10-29,62006,West
FOODS,CA,11141,2011-11-05,68250,West
FOODS,CA,11142,2011-11-12,60765,West
FOODS,CA,11143,2011-11-19,62740,West
FOODS,CA,11144,2011-11-26,54776,West
FOODS,CA,11145,2011-12-03,68745,West
FOODS,CA,11146,2011-12-10,67691,West
FOODS,CA,11147,2011-12-17,70354,West
FOODS,CA,11148,2011-12-24,53526,West
FOODS,CA,11149,2011-12-31,64045,West
FOODS,CA,11150,2012-01-07,68931,West
FOODS,CA,11151,2012-01-14,65162,West
FOODS,CA,11152,2012-01-21,63528,West
FOODS,CA,11201,2012-01-28,69511,West
FOODS,CA,11202,2012-02-04,76315,West
FOODS,CA,11203,2012-02-11,70343,West
FOODS,CA,11204,2012-02-18,67945,West
FOODS,CA,11205,2012-02-25,67230,West
FOODS,CA,11206,2012-03-03,79168,West
FOODS,CA,11207,2012-03-10,72809,West
FOODS,CA,11208,2012-03-17,69545,West
FOODS,CA,11209,2012-03-24,68905,West
FOODS,CA,11210,2012-03-31,80484,West
FOODS,CA,11211,2012-04-07,76726,West
FOODS,CA,11212,2012-04-14,67696,West
FOODS,CA,11213,2012-04-21,68167,West
FOODS,CA,11214,2012-04-28,72996,West
FOODS,CA,11215,2012-05-05,81151,West
FOODS,CA,11216,2012-05-12,74561,West
FOODS,CA,11217,2012-05-19,73999,West
FOODS,CA,11218,2012-05-26,72239,West
FOODS,CA,11219,2012-06-02,81780,West
FOODS,CA,11220,2012-06-09,82418,West
FOODS,CA,11221,2012-06-16,76027,West
FOODS,CA,11222,2012-06-23,71883,West
FOODS,CA,11223,2012-06-30,79909,West
FOODS,CA,11224,2012-07-07,79010,West
FOODS,CA,11225,2012-07-14,73288,West
FOODS,CA,11226,2012-07-21,72993,West
FOODS,CA,11227,2012-07-28,73186,West
FOODS,CA,11228,2012-08-04,82885,West
FOODS,CA,11229,2012-08-11,82914,West
FOODS,CA,11230,2012-08-18,77314,West
FOODS,CA,11231,2012-08-25,71840,West
FOODS,CA,11232,2012-09-01,79703,West
FOODS,CA,11233,2012-09-08,76060,West
FOODS,CA,11234,2012-09-15,70707,West
FOODS,CA,11235,2012-09-22,68861,West
FOODS,CA,11236,2012-09-29,77696,West
FOODS,CA,11237,2012-10-06,73941,West
FOODS,CA,11238,2012-10-13,64526,West
FOODS,CA,11239,2012-10-20,59940,West
FOODS,CA,11240,2012-10-27,64009,West
FOODS,CA,11241,2012-11-03,70162,West
FOODS,CA,11242,2012-11-10,65812,West
FOODS,CA,11243,2012-11-17,62654,West
FOODS,CA,11244,2012-11-24,52977,West
FOODS,CA,11245,2012-12-01,68117,West
FOODS,CA,11246,2012-12-08,67571,West
FOODS,CA,11247,2012-12-15,67368,West
FOODS,CA,11248,2012-12-22,56686,West
FOODS,CA,11249,2012-12-29,66422,West
FOODS,CA,11250,2013-01-05,71738,West
FOODS,CA,11251,2013-01-12,68111,West
FOODS,CA,11252,2013-01-19,61937,West
FOODS,CA,11301,2013-01-26,63572,West
FOODS,CA,11302,2013-02-02,68735,West
FOODS,CA,11303,2013-02-09,69101,West
FOODS,CA,11304,2013-02-16,64911,West
FOODS,CA,11305,2013-02-23,65774,West
FOODS,CA,11306,2013-03-02,73019,West
FOODS,CA,11307,2013-03-09,69112,West
FOODS,CA,11308,2013-03-16,64467,West
FOODS,CA,11309,2013-03-23,66243,West
FOODS,CA,11310,2013-03-30,69634,West
FOODS,CA,11311,2013-04-06,72456,West
FOODS,CA,11312,2013-04-13,66120,West
FOODS,CA,11313,2013-04-20,65684,West
FOODS,CA,11314,2013-04-27,70342,West
FOODS,CA,11315,2013-05-04,73669,West
FOODS,CA,11316,2013-05-11,70460,West
FOODS,CA,11317,2013-05-18,69654,West
FOODS,CA,11318,2013-05-25,67371,West
FOODS,CA,11319,2013-06-01,78754,West
FOODS,CA,11320,2013-06-08,81619,West
FOODS,CA,11321,2013-06-15,72333,West
FOODS,CA,11322,2013-06-22,76525,West
FOODS,CA,11323,2013-06-29,93915,West
FOODS,CA,11324,2013-07-06,81022,West
FOODS,CA,11325,2013-07-13,75554,West
FOODS,CA,11326,2013-07-20,76128,West
FOODS,CA,11327,2013-07-27,78483,West
FOODS,CA,11328,2013-08-03,83433,West
FOODS,CA,11329,2013-08-10,82436,West
FOODS,CA,11330,2013-08-17,79481,West
FOODS,CA,11331,2013-08-24,82275,West
FOODS,CA,11332,2013-08-31,89530,West
FOODS,CA,11333,2013-09-07,88685,West
FOODS,CA,11334,2013-09-14,78922,West
FOODS,CA,11335,2013-09-21,76122,West
FOODS,CA,11336,2013-09-28,77131,West
FOODS,CA,11337,2013-10-05,83035,West
FOODS,CA,11338,2013-10-12,74530,West
FOODS,CA,11339,2013-10-19,70953,West
FOODS,CA,11340,2013-10-26,73157,West
FOODS,CA,11341,2013-11-02,77113,West
FOODS,CA,11342,2013-11-09,72020,West
FOODS,CA,11343,2013-11-16,67132,West
FOODS,CA,11344,2013-11-23,63609,West
FOODS,CA,11345,2013-11-30,69445,West
FOODS,CA,11346,2013-12-07,72826,West
FOODS,CA,11347,2013-12-14,68647,West
FOODS,CA,11348,2013-12-21,61227,West
FOODS,CA,11349,2013-12-28,69096,West
FOODS,CA,11350,2014-01-04,74669,West
FOODS,CA,11351,2014-01-11,73460,West
FOODS,CA,11352,2014-01-18,69554,West
FOODS,CA,11353,2014-01-25,66440,West
FOODS,CA,11401,2014-02-01,75455,West
FOODS,CA,11402,2014-02-08,77277,West
FOODS,CA,11403,2014-02-15,66163,West
FOODS,CA,11404,2014-02-22,65033,West
FOODS,CA,11405,2014-03-01,72380,West
FOODS,CA,11406,2014-03-08,76622,West
FOODS,CA,11407,2014-03-15,70589,West
FOODS,CA,11408,2014-03-22,71291,West
FOODS,CA,11409,2014-03-29,75304,West
FOODS,CA,11410,2014-04-05,84850,West
FOODS,CA,11411,2014-04-12,78453,West
FOODS,CA,11412,2014-04-19,74337,West
FOODS,CA,11413,2014-04-26,76903,West
FOODS,CA,11414,2014-05-03,78759,West
FOODS,CA,11415,2014-05-10,75874,West
FOODS,CA,11416,2014-05-17,70971,West
FOODS,CA,11417,2014-05-24,67824,West
FOODS,CA,11418,2014-05-31,78747,West
FOODS,CA,11419,2014-06-07,80843,West
FOODS,CA,11420,2014-06-14,77088,West
FOODS,CA,11421,2014-06-21,73267,West
FOODS,CA,11422,2014-06-28,84425,West
FOODS,CA,11423,2014-07-05,82344,West
FOODS,CA,11424,2014-07-12,76362,West
FOODS,CA,11425,2014-07-19,74348,West
FOODS,CA,11426,2014-07-26,75856,West
FOODS,CA,11427,2014-08-02,82018,West
FOODS,CA,11428,2014-08-09,77910,West
FOODS,CA,11429,2014-08-16,77710,West
FOODS,CA,11430,2014-08-23,75246,West
FOODS,CA,11431,2014-08-30,76384,West
FOODS,CA,11432,2014-09-06,79537,West
FOODS,CA,11433,2014-09-13,76453,West
FOODS,CA,11434,2014-09-20,73782,West
FOODS,CA,11435,2014-09-27,75514,West
FOODS,CA,11436,2014-10-04,79659,West
FOODS,CA,11437,2014-10-11,69424,West
FOODS,CA,11438,2014-10-18,68865,West
FOODS,CA,11439,2014-10-25,67595,West
FOODS,CA,11440,2014-11-01,74615,West
FOODS,CA,11441,2014-11-08,72604,West
FOODS,CA,11442,2014-11-15,66611,West
FOODS,CA,11443,2014-11-22,68524,West
FOODS,CA,11444,2014-11-29,65736,West
FOODS,CA,11445,2014-12-06,69834,West
FOODS,CA,11446,2014-12-13,64709,West
FOODS,CA,11447,2014-12-20,59066,West
FOODS,CA,11448,2014-12-27,61147,West
FOODS,CA,11449,2015-01-03,70210,West
FOODS,CA,11450,2015-01-10,69351,West
FOODS,CA,11451,2015-01-17,66413,West
FOODS,CA,11452,2015-01-24,65512,West
FOODS,CA,11501,2015-01-31,70712,West
FOODS,CA,11502,2015-02-07,76515,West
FOODS,CA,11503,2015-02-14,61469,West
FOODS,CA,11504,2015-02-21,59748,West
FOODS,CA,11505,2015-02-28,68202,West
FOODS,CA,11506,2015-03-07,69341,West
FOODS,CA,11507,2015-03-14,66314,West
FOODS,CA,11508,2015-03-21,65353,West
FOODS,CA,11509,2015-03-28,70978,West
FOODS,CA,11510,2015-04-04,70535,West
FOODS,CA,11511,2015-04-11,66572,West
FOODS,CA,11512,2015-04-18,65048,West
FOODS,CA,11513,2015-04-25,69015,West
FOODS,CA,11514,2015-05-02,73534,West
FOODS,CA,11515,2015-05-09,67081,West
FOODS,CA,11516,2015-05-16,65569,West
FOODS,CA,11517,2015-05-23,63479,West
FOODS,CA,11518,2015-05-30,74265,West
FOODS,CA,11519,2015-06-06,80724,West
FOODS,CA,11520,2015-06-13,77045,West
FOODS,CA,11521,2015-06-20,73786,West
FOODS,CA,11522,2015-06-27,82821,West
FOODS,CA,11523,2015-07-04,77653,West
FOODS,CA,11524,2015-07-11,79096,West
FOODS,CA,11525,2015-07-18,75924,West
FOODS,CA,11526,2015-07-25,74229,West
FOODS,CA,11527,2015-08-01,83338,West
FOODS,CA,11528,2015-08-08,81410,West
FOODS,CA,11529,2015-08-15,79792,West
FOODS,CA,11530,2015-08-22,72929,West
FOODS,CA,11531,2015-08-29,79323,West
FOODS,CA,11532,2015-09-05,83939,West
FOODS,CA,11533,2015-09-12,78015,West
FOODS,CA,11534,2015-09-19,81227,West
FOODS,CA,11535,2015-09-26,77740,West
FOODS,CA,11536,2015-10-03,87899,West
FOODS,CA,11537,2015-10-10,79309,West
FOODS,CA,11538,2015-10-17,76219,West
FOODS,CA,11539,2015-10-24,74929,West
FOODS,CA,11540,2015-10-31,73399,West
FOODS,CA,11541,2015-11-07,72494,West
FOODS,CA,11542,2015-11-14,69763,West
FOODS,CA,11543,2015-11-21,69925,West
FOODS,CA,11544,2015-11-28,64530,West
FOODS,CA,11545,2015-12-05,70309,West
FOODS,CA,11546,2015-12-12,70588,West
FOODS,CA,11547,2015-12-19,63980,West
FOODS,CA,11548,2015-12-26,65646,West
FOODS,CA,11549,2016-01-02,73520,West
FOODS,CA,11550,2016-01-09,77722,West
FOODS,CA,11551,2016-01-16,76146,West
FOODS,CA,11552,2016-01-23,75630,West
FOODS,CA,11601,2016-01-30,79111,West
FOODS,CA,11602,2016-02-06,81850,West
FOODS,CA,11603,2016-02-13,79171,West
FOODS,CA,11604,2016-02-20,77031,West
FOODS,CA,11605,2016-02-27,79710,West
FOODS,CA,11606,2016-03-05,84655,West
FOODS,CA,11607,2016-03-12,78514,West
FOODS,CA,11608,2016-03-19,78412,West
FOODS,CA,11609,2016-03-26,81197,West
FOODS,CA,11610,2016-04-02,84786,West
FOODS,CA,11611,2016-04-09,82107,West
FOODS,CA,11612,2016-04-16,79587,West
FOODS,CA,11613,2016-04-23,79983,West
FOODS,CA,11614,2016-04-30,87351,West
FOODS,CA,11615,2016-05-07,84688,West
FOODS,CA,11616,2016-05-14,85731,West
FOODS,TX,11101,2011-01-29,40817,South
FOODS,TX,11102,2011-02-05,39103,South
FOODS,TX,11103,2011-02-12,41357,South
FOODS,TX,11104,2011-02-19,35587,South
FOODS,TX,11105,2011-02-26,37044,South
FOODS,TX,11106,2011-03-05,40103,South
FOODS,TX,11107,2011-03-12,40827,South
FOODS,TX,11108,2011-03-19,34849,South
FOODS,TX,11109,2011-03-26,35078,South
FOODS,TX,11110,2011-04-02,39040,South
FOODS,TX,11111,2011-04-09,40393,South
FOODS,TX,11112,2011-04-16,35908,South
FOODS,TX,11113,2011-04-23,32495,South
FOODS,TX,11114,2011-04-30,36166,South
FOODS,TX,11115,2011-05-07,38600,South
FOODS,TX,11116,2011-05-14,35650,South
FOODS,TX,11117,2011-05-21,33747,South
FOODS,TX,11118,2011-05-28,37014,South
FOODS,TX,11119,2011-06-04,43411,South
FOODS,TX,11120,2011-06-11,44620,South
FOODS,TX,11121,2011-06-18,37733,South
FOODS,TX,11122,2011-06-25,38920,South
FOODS,TX,11123,2011-07-02,44699,South
FOODS,TX,11124,2011-07-09,46349,South
FOODS,TX,11125,2011-07-16,40300,South
FOODS,TX,11126,2011-07-23,38335,South
FOODS,TX,11127,2011-07-30,43724,South
FOODS,TX,11128,2011-08-06,47789,South
FOODS,TX,11129,2011-08-13,49898,South
FOODS,TX,11130,2011-08-20,44718,South
FOODS,TX,11131,2011-08-27,42360,South
FOODS,TX,11132,2011-09-03,44741,South
FOODS,TX,11133,2011-09-10,49290,South
FOODS,TX,11134,2011-09-17,42219,South
FOODS,TX,11135,2011-09-24,42870,South
FOODS,TX,11136,2011-10-01,50589,South
FOODS,TX,11137,2011-10-08,49523,South
FOODS,TX,11138,2011-10-15,46243,South
FOODS,TX,11139,2011-10-22,40505,South
FOODS,TX,11140,2011-10-29,41881,South
FOODS,TX,11141,2011-11-05,46296,South
FOODS,TX,11142,2011-11-12,45796,South
FOODS,TX,11143,2011-11-19,44538,South
FOODS,TX,11144,2011-11-26,35842,South
FOODS,TX,11145,2011-12-03,45577,South
FOODS,TX,11146,2011-12-10,50241,South
FOODS,TX,11147,2011-12-17,46120,South
FOODS,TX,11148,2011-12-24,36593,South
FOODS,TX,11149,2011-12-31,45624,South
FOODS,TX,11150,2012-01-07,48513,South
FOODS,TX,11151,2012-01-14,45618,South
FOODS,TX,11152,2012-01-21,40301,South
FOODS,TX,11201,2012-01-28,44552,South
FOODS,TX,11202,2012-02-04,50424,South
FOODS,TX,11203,2012-02-11,49521,South
FOODS,TX,11204,2012-02-18,43358,South
FOODS,TX,11205,2012-02-25,45637,South
FOODS,TX,11206,2012-03-03,50675,South
FOODS,TX,11207,2012-03-10,55857,South
FOODS,TX,11208,2012-03-17,46776,South
FOODS,TX,11209,2012-03-24,46242,South
FOODS,TX,11210,2012-03-31,54723,South
FOODS,TX,11211,2012-04-07,56153,South
FOODS,TX,11212,2012-04-14,48179,South
FOODS,TX,11213,2012-04-21,46639,South
FOODS,TX,11214,2012-04-28,50672,South
FOODS,TX,11215,2012-05-05,55948,South
FOODS,TX,11216,2012-05-12,53935,South
FOODS,TX,11217,2012-05-19,51702,South
FOODS,TX,11218,2012-05-26,54336,South
FOODS,TX,11219,2012-06-02,57720,South
FOODS,TX,11220,2012-06-09,60629,South
FOODS,TX,11221,2012-06-16,53217,South
FOODS,TX,11222,2012-06-23,51106,South
FOODS,TX,11223,2012-06-30,54403,South
FOODS,TX,11224,2012-07-07,53311,South
FOODS,TX,11225,2012-07-14,50983,South
FOODS,TX,11226,2012-07-21,48702,South
FOODS,TX,11227,2012-07-28,52263,South
FOODS,TX,11228,2012-08-04,55696,South
FOODS,TX,11229,2012-08-11,58961,South
FOODS,TX,11230,2012-08-18,49422,South
FOODS,TX,11231,2012-08-25,50172,South
FOODS,TX,11232,2012-09-01,55048,South
FOODS,TX,11233,2012-09-08,49977,South
FOODS,TX,11234,2012-09-15,48980,South
FOODS,TX,11235,2012-09-22,46495,South
FOODS,TX,11236,2012-09-29,49511,South
FOODS,TX,11237,2012-10-06,52019,South
FOODS,TX,11238,2012-10-13,50016,South
FOODS,TX,11239,2012-10-20,44250,South
FOODS,TX,11240,2012-10-27,43153,South
FOODS,TX,11241,2012-11-03,48709,South
FOODS,TX,11242,2012-11-10,47903,South
FOODS,TX,11243,2012-11-17,47577,South
FOODS,TX,11244,2012-11-24,37158,South
FOODS,TX,11245,2012-12-01,49108,South
FOODS,TX,11246,2012-12-08,48650,South
FOODS,TX,11247,2012-12-15,51427,South
FOODS,TX,11248,2012-12-22,42469,South
FOODS,TX,11249,2012-12-29,45564,South
FOODS,TX,11250,2013-01-05,49253,South
FOODS,TX,11251,2013-01-12,47836,South
FOODS,TX,11252,2013-01-19,41763,South
FOODS,TX,11301,2013-01-26,42174,South
FOODS,TX,11302,2013-02-02,50140,South
FOODS,TX,11303,2013-02-09,52813,South
FOODS,TX,11304,2013-02-16,47018,South
FOODS,TX,11305,2013-02-23,45789,South
FOODS,TX,11306,2013-03-02,49660,South
FOODS,TX,11307,2013-03-09,50819,South
FOODS,TX,11308,2013-03-16,45422,South
FOODS,TX,11309,2013-03-23,45556,South
FOODS,TX,11310,2013-03-30,48480,South
FOODS,TX,11311,2013-04-06,49760,South
FOODS,TX,11312,2013-04-13,47354,South
FOODS,TX,11313,2013-04-20,40967,South
FOODS,TX,11314,2013-04-27,41060,South
FOODS,TX,11315,2013-05-04,46697,South
FOODS,TX,11316,2013-05-11,48794,South
FOODS,TX,11317,2013-05-18,47798,South
FOODS,TX,11318,2013-05-25,45221,South
FOODS,TX,11319,2013-06-01,53148,South
FOODS,TX,11320,2013-06-08,54036,South
FOODS,TX,11321,2013-06-15,51002,South
FOODS,TX,11322,2013-06-22,50158,South
FOODS,TX,11323,2013-06-29,57200,South
FOODS,TX,11324,2013-07-06,55125,South
FOODS,TX,11325,2013-07-13,52135,South
FOODS,TX,11326,2013-07-20,49147,South
FOODS,TX,11327,2013-07-27,52065,South
FOODS,TX,11328,2013-08-03,58712,South
FOODS,TX,11329,2013-08-10,55942,South
FOODS,TX,11330,2013-08-17,51294,South
FOODS,TX,11331,2013-08-24,53086,South
FOODS,TX,11332,2013-08-31,59650,South
FOODS,TX,11333,2013-09-07,59100,South
FOODS,TX,11334,2013-09-14,53348,South
FOODS,TX,11335,2013-09-21,48558,South
FOODS,TX,11336,2013-09-28,50056,South
FOODS,TX,11337,2013-10-05,54092,South
FOODS,TX,11338,2013-10-12,50376,South
FOODS,TX,11339,2013-10-19,44596,South
FOODS,TX,11340,2013-10-26,46062,South
FOODS,TX,11341,2013-11-02,49315,South
FOODS,TX,11342,2013-11-09,48512,South
FOODS,TX,11343,2013-11-16,44559,South
FOODS,TX,11344,2013-11-23,40924,South
FOODS,TX,11345,2013-11-30,45449,South
FOODS,TX,11346,2013-12-07,48511,South
FOODS,TX,11347,2013-12-14,48758,South
FOODS,TX,11348,2013-12-21,38638,South
FOODS,TX,11349,2013-12-28,45703,South
FOODS,TX,11350,2014-01-04,49105,South
FOODS,TX,11351,2014-01-11,49958,South
FOODS,TX,11352,2014-01-18,41838,South
FOODS,TX,11353,2014-01-25,41206,South
FOODS,TX,11401,2014-02-01,46258,South
FOODS,TX,11402,2014-02-08,50019,South
FOODS,TX,11403,2014-02-15,44898,South
FOODS,TX,11404,2014-02-22,44196,South
FOODS,TX,11405,2014-03-01,47883,South
FOODS,TX,11406,2014-03-08,53577,South
FOODS,TX,11407,2014-03-15,47264,South
FOODS,TX,11408,2014-03-22,44081,South
FOODS,TX,11409,2014-03-29,47331,South
FOODS,TX,11410,2014-04-05,51539,South
FOODS,TX,11411,2014-04-12,54778,South
FOODS,TX,11412,2014-04-19,50900,South
FOODS,TX,11413,2014-04-26,48215,South
FOODS,TX,11414,2014-05-03,50666,South
FOODS,TX,11415,2014-05-10,50176,South
FOODS,TX,11416,2014-05-17,46414,South
FOODS,TX,11417,2014-05-24,44046,South
FOODS,TX,11418,2014-05-31,51453,South
FOODS,TX,11419,2014-06-07,55380,South
FOODS,TX,11420,2014-06-14,53089,South
FOODS,TX,11421,2014-06-21,46305,South
FOODS,TX,11422,2014-06-28,53642,South
FOODS,TX,11423,2014-07-05,55371,South
FOODS,TX,11424,2014-07-12,53743,South
FOODS,TX,11425,2014-07-19,48627,South
FOODS,TX,11426,2014-07-26,49203,South
FOODS,TX,11427,2014-08-02,53630,South
FOODS,TX,11428,2014-08-09,52609,South
FOODS,TX,11429,2014-08-16,50988,South
FOODS,TX,11430,2014-08-23,51159,South
FOODS,TX,11431,2014-08-30,49394,South
FOODS,TX,11432,2014-09-06,51666,South
FOODS,TX,11433,2014-09-13,48852,South
FOODS,TX,11434,2014-09-20,45249,South
FOODS,TX,11435,2014-09-27,46882,South
FOODS,TX,11436,2014-10-04,49497,South
FOODS,TX,11437,2014-10-11,48674,South
FOODS,TX,11438,2014-10-18,42656,South
FOODS,TX,11439,2014-10-25,42777,South
FOODS,TX,11440,2014-11-01,45603,South
FOODS,TX,11441,2014-11-08,46494,South
FOODS,TX,11442,2014-11-15,43552,South
FOODS,TX,11443,2014-11-22,45325,South
FOODS,TX,11444,2014-11-29,41503,South
FOODS,TX,11445,2014-12-06,45325,South
FOODS,TX,11446,2014-12-13,48355,South
FOODS,TX,11447,2014-12-20,39973,South
FOODS,TX,11448,2014-12-27,40614,South
FOODS,TX,11449,2015-01-03,46437,South
FOODS,TX,11450,2015-01-10,46969,South
FOODS,TX,11451,2015-01-17,43943,South
FOODS,TX,11452,2015-01-24,43216,South
FOODS,TX,11501,2015-01-31,49791,South
FOODS,TX,11502,2015-02-07,54343,South
FOODS,TX,11503,2015-02-14,44307,South
FOODS,TX,11504,2015-02-21,41742,South
FOODS,TX,11505,2015-02-28,45739,South
FOODS,TX,11506,2015-03-07,48643,South
FOODS,TX,11507,2015-03-14,48076,South
FOODS,TX,11508,2015-03-21,42968,South
FOODS,TX,11509,2015-03-28,48563,South
FOODS,TX,11510,2015-04-04,49818,South
FOODS,TX,11511,2015-04-11,48770,South
FOODS,TX,11512,2015-04-18,45469,South
FOODS,TX,11513,2015-04-25,46390,South
FOODS,TX,11514,2015-05-02,50598,South
FOODS,TX,11515,2015-05-09,50058,South
FOODS,TX,11516,2015-05-16,45684,South
FOODS,TX,11517,2015-05-23,43522,South
FOODS,TX,11518,2015-05-30,48412,South
FOODS,TX,11519,2015-06-06,53625,South
FOODS,TX,11520,2015-06-13,53450,South
FOODS,TX,11521,2015-06-20,45348,South
FOODS,TX,11522,2015-06-27,48273,South
FOODS,TX,11523,2015-07-04,51172,South
FOODS,TX,11524,2015-07-11,54929,South
FOODS,TX,11525,2015-07-18,50656,South
FOODS,TX,11526,2015-07-25,47849,South
FOODS,TX,11527,2015-08-01,56343,South
FOODS,TX,11528,2015-08-08,53543,South
FOODS,TX,11529,2015-08-15,46725,South
FOODS,TX,11530,2015-08-22,44777,South
FOODS,TX,11531,2015-08-29,44916,South
FOODS,TX,11532,2015-09-05,48967,South
FOODS,TX,11533,2015-09-12,50030,South
FOODS,TX,11534,2015-09-19,47565,South
FOODS,TX,11535,2015-09-26,45952,South
FOODS,TX,11536,2015-10-03,53122,South
FOODS,TX,11537,2015-10-10,49866,South
FOODS,TX,11538,2015-10-17,46698,South
FOODS,TX,11539,2015-10-24,42680,South
FOODS,TX,11540,2015-10-31,42979,South
FOODS,TX,11541,2015-11-07,45554,South
FOODS,TX,11542,2015-11-14,44701,South
FOODS,TX,11543,2015-11-21,44773,South
FOODS,TX,11544,2015-11-28,38980,South
FOODS,TX,11545,2015-12-05,43191,South
FOODS,TX,11546,2015-12-12,48643,South
FOODS,TX,11547,2015-12-19,39795,South
FOODS,TX,11548,2015-12-26,40288,South
FOODS,TX,11549,2016-01-02,43214,South
FOODS,TX,11550,2016-01-09,50505,South
FOODS,TX,11551,2016-01-16,46765,South
FOODS,TX,11552,2016-01-23,43318,South
FOODS,TX,11601,2016-01-30,48093,South
FOODS,TX,11602,2016-02-06,54935,South
FOODS,TX,11603,2016-02-13,52285,South
FOODS,TX,11604,2016-02-20,47649,South
FOODS,TX,11605,2016-02-27,48387,South
FOODS,TX,11606,2016-03-05,51277,South
FOODS,TX,11607,2016-03-12,52954,South
FOODS,TX,11608,2016-03-19,49498,South
FOODS,TX,11609,2016-03-26,48887,South
FOODS,TX,11610,2016-04-02,51291,South
FOODS,TX,11611,2016-04-09,52041,South
FOODS,TX,11612,2016-04-16,49809,South
FOODS,TX,11613,2016-04-23,49236,South
FOODS,TX,11614,2016-04-30,53385,South
FOODS,TX,11615,2016-05-07,55873,South
FOODS,TX,11616,2016-05-14,54471,South
FOODS,WI,11101,2011-01-29,39147,Midwest
FOODS,WI,11102,2011-02-05,40198,Midwest
FOODS,WI,11103,2011-02-12,37100,Midwest
FOODS,WI,11104,2011-02-19,28760,Midwest
FOODS,WI,11105,2011-02-26,32844,Midwest
FOODS,WI,11106,2011-03-05,33817,Midwest
FOODS,WI,11107,2011-03-12,34032,Midwest
FOODS,WI,11108,2011-03-19,27902,Midwest
FOODS,WI,11109,2011-03-26,27850,Midwest
FOODS,WI,11110,2011-04-02,33182,Midwest
FOODS,WI,11111,2011-04-09,34033,Midwest
FOODS,WI,11112,2011-04-16,27012,Midwest
FOODS,WI,11113,2011-04-23,23821,Midwest
FOODS,WI,11114,2011-04-30,28823,Midwest
FOODS,WI,11115,2011-05-07,28989,Midwest
FOODS,WI,11116,2011-05-14,27253,Midwest
FOODS,WI,11117,2011-05-21,24319,Midwest
FOODS,WI,11118,2011-05-28,26721,Midwest
FOODS,WI,11119,2011-06-04,35012,Midwest
FOODS,WI,11120,2011-06-11,32079,Midwest
FOODS,WI,11121,2011-06-18,26617,Midwest
FOODS,WI,11122,2011-06-25,25651,Midwest
FOODS,WI,11123,2011-07-02,32606,Midwest
FOODS,WI,11124,2011-07-09,35431,Midwest
FOODS,WI,11125,2011-07-16,32442,Midwest
FOODS,WI,11126,2011-07-23,26846,Midwest
FOODS,WI,11127,2011-07-30,31723,Midwest
FOODS,WI,11128,2011-08-06,33568,Midwest
FOODS,WI,11129,2011-08-13,31952,Midwest
FOODS,WI,11130,2011-08-20,27787,Midwest
FOODS,WI,11131,2011-08-27,30056,Midwest
FOODS,WI,11132,2011-09-03,33570,Midwest
FOODS,WI,11133,2011-09-10,34880,Midwest
FOODS,WI,11134,2011-09-17,28198,Midwest
FOODS,WI,11135,2011-09-24,29064,Midwest
FOODS,WI,11136,2011-10-01,37714,Midwest
FOODS,WI,11137,2011-10-08,39054,Midwest
FOODS,WI,11138,2011-10-15,33379,Midwest
FOODS,WI,11139,2011-10-22,29523,Midwest
FOODS,WI,11140,2011-10-29,32464,Midwest
FOODS,WI,11141,2011-11-05,38047,Midwest
FOODS,WI,11142,2011-11-12,36958,Midwest
FOODS,WI,11143,2011-11-19,30758,Midwest
FOODS,WI,11144,2011-11-26,30591,Midwest
FOODS,WI,11145,2011-12-03,40798,Midwest
FOODS,WI,11146,2011-12-10,40987,Midwest
FOODS,WI,11147,2011-12-17,37290,Midwest
FOODS,WI,11148,2011-12-24,27966,Midwest
FOODS,WI,11149,2011-12-31,38100,Midwest
FOODS,WI,11150,2012-01-07,41509,Midwest
FOODS,WI,11151,2012-01-14,38776,Midwest
FOODS,WI,11152,2012-01-21,33833,Midwest
FOODS,WI,11201,2012-01-28,37539,Midwest
FOODS,WI,11202,2012-02-04,43478,Midwest
FOODS,WI,11203,2012-02-11,40703,Midwest
FOODS,WI,11204,2012-02-18,34381,Midwest
FOODS,WI,11205,2012-02-25,36252,Midwest
FOODS,WI,11206,2012-03-03,44136,Midwest
FOODS,WI,11207,2012-03-10,40713,Midwest
FOODS,WI,11208,2012-03-17,34871,Midwest
FOODS,WI,11209,2012-03-24,32307,Midwest
FOODS,WI,11210,2012-03-31,42292,Midwest
FOODS,WI,11211,2012-04-07,39999,Midwest
FOODS,WI,11212,2012-04-14,34334,Midwest
FOODS,WI,11213,2012-04-21,31365,Midwest
FOODS,WI,11214,2012-04-28,38549,Midwest
FOODS,WI,11215,2012-05-05,44379,Midwest
FOODS,WI,11216,2012-05-12,44791,Midwest
FOODS,WI,11217,2012-05-19,40178,Midwest
FOODS,WI,11218,2012-05-26,38614,Midwest
FOODS,WI,11219,2012-06-02,54580,Midwest
FOODS,WI,11220,2012-06-09,57492,Midwest
FOODS,WI,11221,2012-06-16,46742,Midwest
FOODS,WI,11222,2012-06-23,42735,Midwest
FOODS,WI,11223,2012-06-30,58416,Midwest
FOODS,WI,11224,2012-07-07,54205,Midwest
FOODS,WI,11225,2012-07-14,49530,Midwest
FOODS,WI,11226,2012-07-21,40777,Midwest
FOODS,WI,11227,2012-07-28,43984,Midwest
FOODS,WI,11228,2012-08-04,50210,Midwest
FOODS,WI,11229,2012-08-11,51509,Midwest
FOODS,WI,11230,2012-08-18,40457,Midwest
FOODS,WI,11231,2012-08-25,39665,Midwest
FOODS,WI,11232,2012-09-01,50710,Midwest
FOODS,WI,11233,2012-09-08,50917,Midwest
FOODS,WI,11234,2012-09-15,45202,Midwest
FOODS,WI,11235,2012-09-22,37659,Midwest
FOODS,WI,11236,2012-09-29,45612,Midwest
FOODS,WI,11237,2012-10-06,50380,Midwest
FOODS,WI,11238,2012-10-13,43678,Midwest
FOODS,WI,11239,2012-10-20,34614,Midwest
FOODS,WI,11240,2012-10-27,45049,Midwest
FOODS,WI,11241,2012-11-03,57618,Midwest
FOODS,WI,11242,2012-11-10,57312,Midwest
FOODS,WI,11243,2012-11-17,44084,Midwest
FOODS,WI,11244,2012-11-24,38740,Midwest
FOODS,WI,11245,2012-12-01,55288,Midwest
FOODS,WI,11246,2012-12-08,57067,Midwest
FOODS,WI,11247,2012-12-15,54033,Midwest
FOODS,WI,11248,2012-12-22,43232,Midwest
FOODS,WI,11249,2012-12-29,51603,Midwest
FOODS,WI,11250,2013-01-05,61040,Midwest
FOODS,WI,11251,2013-01-12,58036,Midwest
FOODS,WI,11252,2013-01-19,44450,Midwest
FOODS,WI,11301,2013-01-26,42968,Midwest
FOODS,WI,11302,2013-02-02,58201,Midwest
FOODS,WI,11303,2013-02-09,64982,Midwest
FOODS,WI,11304,2013-02-16,50077,Midwest
FOODS,WI,11305,2013-02-23,47439,Midwest
FOODS,WI,11306,2013-03-02,59055,Midwest
FOODS,WI,11307,2013-03-09,60042,Midwest
FOODS,WI,11308,2013-03-16,48352,Midwest
FOODS,WI,11309,2013-03-23,46603,Midwest
FOODS,WI,11310,2013-03-30,52392,Midwest
FOODS,WI,11311,2013-04-06,55631,Midwest
FOODS,WI,11312,2013-04-13,47955,Midwest
FOODS,WI,11313,2013-04-20,36373,Midwest
FOODS,WI,11314,2013-04-27,40956,Midwest
FOODS,WI,11315,2013-05-04,50415,Midwest
FOODS,WI,11316,2013-05-11,50736,Midwest
FOODS,WI,11317,2013-05-18,41299,Midwest
FOODS,WI,11318,2013-05-25,38248,Midwest
FOODS,WI,11319,2013-06-01,51091,Midwest
FOODS,WI,11320,2013-06-08,53644,Midwest
FOODS,WI,11321,2013-06-15,46571,Midwest
FOODS,WI,11322,2013-06-22,42368,Midwest
FOODS,WI,11323,2013-06-29,50473,Midwest
FOODS,WI,11324,2013-07-06,56344,Midwest
FOODS,WI,11325,2013-07-13,55349,Midwest
FOODS,WI,11326,2013-07-20,41383,Midwest
FOODS,WI,11327,2013-07-27,41257,Midwest
FOODS,WI,11328,2013-08-03,53752,Midwest
FOODS,WI,11329,2013-08-10,56437,Midwest
FOODS,WI,11330,2013-08-17,44519,Midwest
FOODS,WI,11331,2013-08-24,48255,Midwest
FOODS,WI,11332,2013-08-31,56441,Midwest
FOODS,WI,11333,2013-09-07,59542,Midwest
FOODS,WI,11334,2013-09-14,52757,Midwest
FOODS,WI,11335,2013-09-21,44652,Midwest
FOODS,WI,11336,2013-09-28,49951,Midwest
FOODS,WI,11337,2013-10-05,56030,Midwest
FOODS,WI,11338,2013-10-12,54268,Midwest
FOODS,WI,11339,2013-10-19,43407,Midwest
FOODS,WI,11340,2013-10-26,42867,Midwest
FOODS,WI,11341,2013-11-02,56282,Midwest
FOODS,WI,11342,2013-11-09,55613,Midwest
FOODS,WI,11343,2013-11-16,47342,Midwest
FOODS,WI,11344,2013-11-23,42489,Midwest
FOODS,WI,11345,2013-11-30,54537,Midwest
FOODS,WI,11346,2013-12-07,55693,Midwest
FOODS,WI,11347,2013-12-14,51795,Midwest
FOODS,WI,11348,2013-12-21,40991,Midwest
FOODS,WI,11349,2013-12-28,46356,Midwest
FOODS,WI,11350,2014-01-04,57068,Midwest
FOODS,WI,11351,2014-01-11,59090,Midwest
FOODS,WI,11352,2014-01-18,45312,Midwest
FOODS,WI,11353,2014-01-25,43683,Midwest
FOODS,WI,11401,2014-02-01,56402,Midwest
FOODS,WI,11402,2014-02-08,58764,Midwest
FOODS,WI,11403,2014-02-15,50803,Midwest
FOODS,WI,11404,2014-02-22,46080,Midwest
FOODS,WI,11405,2014-03-01,54308,Midwest
FOODS,WI,11406,2014-03-08,59112,Midwest
FOODS,WI,11407,2014-03-15,47268,Midwest
FOODS,WI,11408,2014-03-22,44236,Midwest
FOODS,WI,11409,2014-03-29,50219,Midwest
FOODS,WI,11410,2014-04-05,57918,Midwest
FOODS,WI,11411,2014-04-12,56830,Midwest
FOODS,WI,11412,2014-04-19,43839,Midwest
FOODS,WI,11413,2014-04-26,45173,Midwest
FOODS,WI,11414,2014-05-03,53099,Midwest
FOODS,WI,11415,2014-05-10,54754,Midwest
FOODS,WI,11416,2014-05-17,45905,Midwest
FOODS,WI,11417,2014-05-24,40646,Midwest
FOODS,WI,11418,2014-05-31,54235,Midwest
FOODS,WI,11419,2014-06-07,56528,Midwest
FOODS,WI,11420,2014-06-14,52898,Midwest
FOODS,WI,11421,2014-06-21,43577,Midwest
FOODS,WI,11422,2014-06-28,52629,Midwest
FOODS,WI,11423,2014-07-05,56958,Midwest
FOODS,WI,11424,2014-07-12,55546,Midwest
FOODS,WI,11425,2014-07-19,44878,Midwest
FOODS,WI,11426,2014-07-26,43288,Midwest
FOODS,WI,11427,2014-08-02,56508,Midwest
FOODS,WI,11428,2014-08-09,57189,Midwest
FOODS,WI,11429,2014-08-16,48988,Midwest
FOODS,WI,11430,2014-08-23,46116,Midwest
FOODS,WI,11431,2014-08-30,54920,Midwest
FOODS,WI,11432,2014-09-06,56949,Midwest
FOODS,WI,11433,2014-09-13,50601,Midwest
FOODS,WI,11434,2014-09-20,43416,Midwest
FOODS,WI,11435,2014-09-27,49446,Midwest
FOODS,WI,11436,2014-10-04,56396,Midwest
FOODS,WI,11437,2014-10-11,56924,Midwest
FOODS,WI,11438,2014-10-18,45900,Midwest
FOODS,WI,11439,2014-10-25,43032,Midwest
FOODS,WI,11440,2014-11-01,55312,Midwest
FOODS,WI,11441,2014-11-08,57019,Midwest
FOODS,WI,11442,2014-11-15,50113,Midwest
FOODS,WI,11443,2014-11-22,43123,Midwest
FOODS,WI,11444,2014-11-29,49127,Midwest
FOODS,WI,11445,2014-12-06,54324,Midwest
FOODS,WI,11446,2014-12-13,50690,Midwest
FOODS,WI,11447,2014-12-20,40731,Midwest
FOODS,WI,11448,2014-12-27,44397,Midwest
FOODS,WI,11449,2015-01-03,55633,Midwest
FOODS,WI,11450,2015-01-10,60608,Midwest
FOODS,WI,11451,2015-01-17,46085,Midwest
FOODS,WI,11452,2015-01-24,45982,Midwest
FOODS,WI,11501,2015-01-31,58836,Midwest
FOODS,WI,11502,2015-02-07,63515,Midwest
FOODS,WI,11503,2015-02-14,51835,Midwest
FOODS,WI,11504,2015-02-21,45242,Midwest
FOODS,WI,11505,2015-02-28,55343,Midwest
FOODS,WI,11506,2015-03-07,54847,Midwest
FOODS,WI,11507,2015-03-14,49171,Midwest
FOODS,WI,11508,2015-03-21,43781,Midwest
FOODS,WI,11509,2015-03-28,47714,Midwest
FOODS,WI,11510,2015-04-04,53577,Midwest
FOODS,WI,11511,2015-04-11,55621,Midwest
FOODS,WI,11512,2015-04-18,45467,Midwest
FOODS,WI,11513,2015-04-25,46457,Midwest
FOODS,WI,11514,2015-05-02,59396,Midwest
FOODS,WI,11515,2015-05-09,55568,Midwest
FOODS,WI,11516,2015-05-16,47420,Midwest
FOODS,WI,11517,2015-05-23,41422,Midwest
FOODS,WI,11518,2015-05-30,52369,Midwest
FOODS,WI,11519,2015-06-06,59721,Midwest
FOODS,WI,11520,2015-06-13,55474,Midwest
FOODS,WI,11521,2015-06-20,45418,Midwest
FOODS,WI,11522,2015-06-27,51775,Midwest
FOODS,WI,11523,2015-07-04,56627,Midwest
FOODS,WI,11524,2015-07-11,60554,Midwest
FOODS,WI,11525,2015-07-18,48113,Midwest
FOODS,WI,11526,2015-07-25,45804,Midwest
FOODS,WI,11527,2015-08-01,57958,Midwest
FOODS,WI,11528,2015-08-08,56456,Midwest
FOODS,WI,11529,2015-08-15,51720,Midwest
FOODS,WI,11530,2015-08-22,44722,Midwest
FOODS,WI,11531,2015-08-29,55337,Midwest
FOODS,WI,11532,2015-09-05,61052,Midwest
FOODS,WI,11533,2015-09-12,59988,Midwest
FOODS,WI,11534,2015-09-19,49171,Midwest
FOODS,WI,11535,2015-09-26,51184,Midwest
FOODS,WI,11536,2015-10-03,65919,Midwest
FOODS,WI,11537,2015-10-10,62144,Midwest
FOODS,WI,11538,2015-10-17,51439,Midwest
FOODS,WI,11539,2015-10-24,50459,Midwest
FOODS,WI,11540,2015-10-31,55496,Midwest
FOODS,WI,11541,2015-11-07,58488,Midwest
FOODS,WI,11542,2015-11-14,57291,Midwest
FOODS,WI,11543,2015-11-21,46762,Midwest
FOODS,WI,11544,2015-11-28,51544,Midwest
FOODS,WI,11545,2015-12-05,60162,Midwest
FOODS,WI,11546,2015-12-12,57712,Midwest
FOODS,WI,11547,2015-12-19,48060,Midwest
FOODS,WI,11548,2015-12-26,47246,Midwest
FOODS,WI,11549,2016-01-02,60948,Midwest
FOODS,WI,11550,2016-01-09,67548,Midwest
FOODS,WI,11551,2016-01-16,55861,Midwest
FOODS,WI,11552,2016-01-23,51624,Midwest
FOODS,WI,11601,2016-01-30,62700,Midwest
FOODS,WI,11602,2016-02-06,71376,Midwest
FOODS,WI,11603,2016-02-13,68939,Midwest
FOODS,WI,11604,2016-02-20,57172,Midwest
FOODS,WI,11605,2016-02-27,61618,Midwest
FOODS,WI,11606,2016-03-05,71058,Midwest
FOODS,WI,11607,2016-03-12,69327,Midwest
FOODS,WI,11608,2016-03-19,60041,Midwest
FOODS,WI,11609,2016-03-26,56534,Midwest
FOODS,WI,11610,2016-04-02,72450,Midwest
FOODS,WI,11611,2016-04-09,75173,Midwest
FOODS,WI,11612,2016-04-16,61860,Midwest
FOODS,WI,11613,2016-04-23,58289,Midwest
FOODS,WI,11614,2016-04-30,71891,Midwest
FOODS,WI,11615,2016-05-07,75815,Midwest
FOODS,WI,11616,2016-05-14,70790,Midwest
HOBBIES,CA,11101,2011-01-29,10194,West
HOBBIES,CA,11102,2011-02-05,10363,West
HOBBIES,CA,11103,2011-02-12,9004,West
HOBBIES,CA,11104,2011-02-19,10792,West
HOBBIES,CA,11105,2011-02-26,7748,West
HOBBIES,CA,11106,2011-03-05,9898,West
HOBBIES,CA,11107,2011-03-12,10089,West
HOBBIES,CA,11108,2011-03-19,10899,West
HOBBIES,CA,11109,2011-03-26,10899,West
HOBBIES,CA,11110,2011-04-02,10528,West
HOBBIES,CA,11111,2011-04-09,10889,West
HOBBIES,CA,11112,2011-04-16,8649,West
HOBBIES,CA,11113,2011-04-23,9790,West
HOBBIES,CA,11114,2011-04-30,10435,West
HOBBIES,CA,11115,2011-05-07,10445,West
HOBBIES,CA,11116,2011-05-14,9816,West
HOBBIES,CA,11117,2011-05-21,9925,West
HOBBIES,CA,11118,2011-05-28,9236,West
HOBBIES,CA,11119,2011-06-04,10183,West
HOBBIES,CA,11120,2011-06-11,10194,West
HOBBIES,CA,11121,2011-06-18,10027,West
HOBBIES,CA,11122,2011-06-25,10157,West
HOBBIES,CA,11123,2011-07-02,10144,West
HOBBIES,CA,11124,2011-07-09,9905,West
HOBBIES,CA,11125,2011-07-16,10231,West
HOBBIES,CA,11126,2011-07-23,10078,West
HOBBIES,CA,11127,2011-07-30,10286,West
HOBBIES,CA,11128,2011-08-06,9895,West
HOBBIES,CA,11129,2011-08-13,9888,West
HOBBIES,CA,11130,2011-08-20,10362,West
HOBBIES,CA,11131,2011-08-27,8986,West
HOBBIES,CA,11132,2011-09-03,10044,West
HOBBIES,CA,11133,2011-09-10,8832,West
HOBBIES,CA,11134,2011-09-17,8854,West
HOBBIES,CA,11135,2011-09-24,9775,West
HOBBIES,CA,11136,2011-10-01,10195,West
HOBBIES,CA,11137,2011-10-08,10032,West
HOBBIES,CA,11138,2011-10-15,9548,West
HOBBIES,CA,11139,2011-10-22,9621,West
HOBBIES,CA,11140,2011-10-29,10304,West
HOBBIES,CA,11141,2011-11-05,9781,West
HOBBIES,CA,11142,2011-11-12,9115,West
HOBBIES,CA,11143,2011-11-19,8634,West
HOBBIES,CA,11144,2011-11-26,9730,West
HOBBIES,CA,11145,2011-12-03,10953,West
HOBBIES,CA,11146,2011-12-10,9507,West
HOBBIES,CA,11147,2011-12-17,9998,West
HOBBIES,CA,11148,2011-12-24,8664,West
HOBBIES,CA,11149,2011-12-31,9065,West
HOBBIES,CA,11150,2012-01-07,9638,West
HOBBIES,CA,11151,2012-01-14,9059,West
HOBBIES,CA,11152,2012-01-21,9524,West
HOBBIES,CA,11201,2012-01-28,10028,West
HOBBIES,CA,11202,2012-02-04,9811,West
HOBBIES,CA,11203,2012-02-11,9661,West
HOBBIES,CA,11204,2012-02-18,9569,West
HOBBIES,CA,11205,2012-02-25,10517,West
HOBBIES,CA,11206,2012-03-03,10124,West
HOBBIES,CA,11207,2012-03-10,9822,West
HOBBIES,CA,11208,2012-03-17,9431,West
HOBBIES,CA,11209,2012-03-24,9761,West
HOBBIES,CA,11210,2012-03-31,10162,West
HOBBIES,CA,11211,2012-04-07,10020,West
HOBBIES,CA,11212,2012-04-14,9654,West
HOBBIES,CA,11213,2012-04-21,9232,West
HOBBIES,CA,11214,2012-04-28,10099,West
HOBBIES,CA,11215,2012-05-05,8072,West
HOBBIES,CA,11216,2012-05-12,7209,West
HOBBIES,CA,11217,2012-05-19,7224,West
HOBBIES,CA,11218,2012-05-26,9733,West
HOBBIES,CA,11219,2012-06-02,10260,West
HOBBIES,CA,11220,2012-06-09,10149,West
HOBBIES,CA,11221,2012-06-16,10086,West
HOBBIES,CA,11222,2012-06-23,9749,West
HOBBIES,CA,11223,2012-06-30,8501,West
HOBBIES,CA,11224,2012-07-07,10030,West
HOBBIES,CA,11225,2012-07-14,10859,West
HOBBIES,CA,11226,2012-07-21,8979,West
HOBBIES,CA,11227,2012-07-28,8075,West
HOBBIES,CA,11228,2012-08-04,7737,West
HOBBIES,CA,11229,2012-08-11,7864,West
HOBBIES,CA,11230,2012-08-18,7723,West
HOBBIES,CA,11231,2012-08-25,7997,West
HOBBIES,CA,11232,2012-09-01,8082,West
HOBBIES,CA,11233,2012-09-08,7712,West
HOBBIES,CA,11234,2012-09-15,8057,West
HOBBIES,CA,11235,2012-09-22,8293,West
HOBBIES,CA,11236,2012-09-29,8059,West
HOBBIES,CA,11237,2012-10-06,8045,West
HOBBIES,CA,11238,2012-10-13,8115,West
HOBBIES,CA,11239,2012-10-20,8402,West
HOBBIES,CA,11240,2012-10-27,8040,West
HOBBIES,CA,11241,2012-11-03,7815,West
HOBBIES,CA,11242,2012-11-10,7669,West
HOBBIES,CA,11243,2012-11-17,7105,West
HOBBIES,CA,11244,2012-11-24,6935,West
HOBBIES,CA,11245,2012-12-01,8049,West
HOBBIES,CA,11246,2012-12-08,8065,West
HOBBIES,CA,11247,2012-12-15,8371,West
HOBBIES,CA,11248,2012-12-22,6511,West
HOBBIES,CA,11249,2012-12-29,7200,West
HOBBIES,CA,11250,2013-01-05,7833,West
HOBBIES,CA,11251,2013-01-12,7832,West
HOBBIES,CA,11252,2013-01-19,9485,West
HOBBIES,CA,11301,2013-01-26,11826,West
HOBBIES,CA,11302,2013-02-02,10394,West
HOBBIES,CA,11303,2013-02-09,11447,West
HOBBIES,CA,11304,2013-02-16,11480,West
HOBBIES,CA,11305,2013-02-23,12286,West
HOBBIES,CA,11306,2013-03-02,9563,West
HOBBIES,CA,11307,2013-03-09,11220,West
HOBBIES,CA,11308,2013-03-16,11389,West
HOBBIES,CA,11309,2013-03-23,9462,West
HOBBIES,CA,11310,2013-03-30,11367,West
HOBBIES,CA,11311,2013-04-06,12255,West
HOBBIES,CA,11312,2013-04-13,12367,West
HOBBIES,CA,11313,2013-04-20,12097,West
HOBBIES,CA,11314,2013-04-27,9652,West
HOBBIES,CA,11315,2013-05-04,11009,West
HOBBIES,CA,11316,2013-05-11,12086,West
HOBBIES,CA,11317,2013-05-18,13113,West
HOBBIES,CA,11318,2013-05-25,12332,West
HOBBIES,CA,11319,2013-06-01,13833,West
HOBBIES,CA,11320,2013-06-08,12545,West
HOBBIES,CA,11321,2013-06-15,12712,West
HOBBIES,CA,11322,2013-06-22,12237,West
HOBBIES,CA,11323,2013-06-29,12308,West
HOBBIES,CA,11324,2013-07-06,11135,West
HOBBIES,CA,11325,2013-07-13,11681,West
HOBBIES,CA,11326,2013-07-20,11731,West
HOBBIES,CA,11327,2013-07-27,11973,West
HOBBIES,CA,11328,2013-08-03,11363,West
HOBBIES,CA,11329,2013-08-10,11211,West
HOBBIES,CA,11330,2013-08-17,11437,West
HOBBIES,CA,11331,2013-08-24,11690,West
HOBBIES,CA,11332,2013-08-31,8829,West
HOBBIES,CA,11333,2013-09-07,11126,West
HOBBIES,CA,11334,2013-09-14,11791,West
HOBBIES,CA,11335,2013-09-21,12468,West
HOBBIES,CA,11336,2013-09-28,13418,West
HOBBIES,CA,11337,2013-10-05,12446,West
HOBBIES,CA,11338,2013-10-12,12445,West
HOBBIES,CA,11339,2013-10-19,12362,West
HOBBIES,CA,11340,2013-10-26,12984,West
HOBBIES,CA,11341,2013-11-02,12377,West
HOBBIES,CA,11342,2013-11-09,12988,West
HOBBIES,CA,11343,2013-11-16,12591,West
HOBBIES,CA,11344,2013-11-23,11741,West
HOBBIES,CA,11345,2013-11-30,13400,West
HOBBIES,CA,11346,2013-12-07,12889,West
HOBBIES,CA,11347,2013-12-14,13115,West
HOBBIES,CA,11348,2013-12-21,11119,West
HOBBIES,CA,11349,2013-12-28,11440,West
HOBBIES,CA,11350,2014-01-04,12311,West
HOBBIES,CA,11351,2014-01-11,12251,West
HOBBIES,CA,11352,2014-01-18,11977,West
HOBBIES,CA,11353,2014-01-25,11662,West
HOBBIES,CA,11401,2014-02-01,12320,West
HOBBIES,CA,11402,2014-02-08,11686,West
HOBBIES,CA,11403,2014-02-15,11268,West
HOBBIES,CA,11404,2014-02-22,11120,West
HOBBIES,CA,11405,2014-03-01,12087,West
HOBBIES,CA,11406,2014-03-08,11385,West
HOBBIES,CA,11407,2014-03-15,10827,West
HOBBIES,CA,11408,2014-03-22,11168,West
HOBBIES,CA,11409,2014-03-29,11383,West
HOBBIES,CA,11410,2014-04-05,11612,West
HOBBIES,CA,11411,2014-04-12,10889,West
HOBBIES,CA,11412,2014-04-19,11650,West
HOBBIES,CA,11413,2014-04-26,11186,West
HOBBIES,CA,11414,2014-05-03,11842,West
HOBBIES,CA,11415,2014-05-10,11111,West
HOBBIES,CA,11416,2014-05-17,11770,West
HOBBIES,CA,11417,2014-05-24,10919,West
HOBBIES,CA,11418,2014-05-31,12322,West
HOBBIES,CA,11419,2014-06-07,11407,West
HOBBIES,CA,11420,2014-06-14,11718,West
HOBBIES,CA,11421,2014-06-21,11833,West
HOBBIES,CA,11422,2014-06-28,12210,West
HOBBIES,CA,11423,2014-07-05,11192,West
HOBBIES,CA,11424,2014-07-12,11616,West
HOBBIES,CA,11425,2014-07-19,10685,West
HOBBIES,CA,11426,2014-07-26,11125,West
HOBBIES,CA,11427,2014-08-02,11806,West
HOBBIES,CA,11428,2014-08-09,11324,West
HOBBIES,CA,11429,2014-08-16,10907,West
HOBBIES,CA,11430,2014-08-23,10782,West
HOBBIES,CA,11431,2014-08-30,11276,West
HOBBIES,CA,11432,2014-09-06,10641,West
HOBBIES,CA,11433,2014-09-13,10608,West
HOBBIES,CA,11434,2014-09-20,10510,West
HOBBIES,CA,11435,2014-09-27,11013,West
HOBBIES,CA,11436,2014-10-04,11175,West
HOBBIES,CA,11437,2014-10-11,11296,West
HOBBIES,CA,11438,2014-10-18,11769,West
HOBBIES,CA,11439,2014-10-25,11996,West
HOBBIES,CA,11440,2014-11-01,12169,West
HOBBIES,CA,11441,2014-11-08,11148,West
HOBBIES,CA,11442,2014-11-15,11677,West
HOBBIES,CA,11443,2014-11-22,10662,West
HOBBIES,CA,11444,2014-11-29,11945,West
HOBBIES,CA,11445,2014-12-06,11647,West
HOBBIES,CA,11446,2014-12-13,11501,West
HOBBIES,CA,11447,2014-12-20,10424,West
HOBBIES,CA,11448,2014-12-27,11069,West
HOBBIES,CA,11449,2015-01-03,10679,West
HOBBIES,CA,11450,2015-01-10,11256,West
HOBBIES,CA,11451,2015-01-17,11417,West
HOBBIES,CA,11452,2015-01-24,11629,West
HOBBIES,CA,11501,2015-01-31,12497,West
HOBBIES,CA,11502,2015-02-07,12378,West
HOBBIES,CA,11503,2015-02-14,11679,West
HOBBIES,CA,11504,2015-02-21,12080,West
HOBBIES,CA,11505,2015-02-28,12871,West
HOBBIES,CA,11506,2015-03-07,12294,West
HOBBIES,CA,11507,2015-03-14,12270,West
HOBBIES,CA,11508,2015-03-21,11904,West
HOBBIES,CA,11509,2015-03-28,13043,West
HOBBIES,CA,11510,2015-04-04,13026,West
HOBBIES,CA,11511,2015-04-11,11882,West
HOBBIES,CA,11512,2015-04-18,12564,West
HOBBIES,CA,11513,2015-04-25,12826,West
HOBBIES,CA,11514,2015-05-02,13285,West
HOBBIES,CA,11515,2015-05-09,12506,West
HOBBIES,CA,11516,2015-05-16,13086,West
HOBBIES,CA,11517,2015-05-23,13271,West
HOBBIES,CA,11518,2015-05-30,13266,West
HOBBIES,CA,11519,2015-06-06,12680,West
HOBBIES,CA,11520,2015-06-13,12823,West
HOBBIES,CA,11521,2015-06-20,12771,West
HOBBIES,CA,11522,2015-06-27,14727,West
HOBBIES,CA,11523,2015-07-04,12905,West
HOBBIES,CA,11524,2015-07-11,13653,West
HOBBIES,CA,11525,2015-07-18,13812,West
HOBBIES,CA,11526,2015-07-25,13042,West
HOBBIES,CA,11527,2015-08-01,14138,West
HOBBIES,CA,11528,2015-08-08,14020,West
HOBBIES,CA,11529,2015-08-15,13581,West
HOBBIES,CA,11530,2015-08-22,13431,West
HOBBIES,CA,11531,2015-08-29,14266,West
HOBBIES,CA,11532,2015-09-05,13441,West
HOBBIES,CA,11533,2015-09-12,13727,West
HOBBIES,CA,11534,2015-09-19,13446,West
HOBBIES,CA,11535,2015-09-26,14119,West
HOBBIES,CA,11536,2015-10-03,13807,West
HOBBIES,CA,11537,2015-10-10,13329,West
HOBBIES,CA,11538,2015-10-17,14330,West
HOBBIES,CA,11539,2015-10-24,14839,West
HOBBIES,CA,11540,2015-10-31,14945,West
HOBBIES,CA,11541,2015-11-07,13840,West
HOBBIES,CA,11542,2015-11-14,14396,West
HOBBIES,CA,11543,2015-11-21,13015,West
HOBBIES,CA,11544,2015-11-28,14494,West
HOBBIES,CA,11545,2015-12-05,14534,West
HOBBIES,CA,11546,2015-12-12,14455,West
HOBBIES,CA,11547,2015-12-19,13037,West
HOBBIES,CA,11548,2015-12-26,13677,West
HOBBIES,CA,11549,2016-01-02,13577,West
HOBBIES,CA,11550,2016-01-09,12980,West
HOBBIES,CA,11551,2016-01-16,13068,West
HOBBIES,CA,11552,2016-01-23,13182,West
HOBBIES,CA,11601,2016-01-30,14238,West
HOBBIES,CA,11602,2016-02-06,12852,West
HOBBIES,CA,11603,2016-02-13,13437,West
HOBBIES,CA,11604,2016-02-20,13093,West
HOBBIES,CA,11605,2016-02-27,13493,West
HOBBIES,CA,11606,2016-03-05,13227,West
HOBBIES,CA,11607,2016-03-12,13296,West
HOBBIES,CA,11608,2016-03-19,12308,West
HOBBIES,CA,11609,2016-03-26,13010,West
HOBBIES,CA,11610,2016-04-02,13192,West
HOBBIES,CA,11611,2016-04-09,12677,West
HOBBIES,CA,11612,2016-04-16,13312,West
HOBBIES,CA,11613,2016-04-23,13655,West
HOBBIES,CA,11614,2016-04-30,14534,West
HOBBIES,CA,11615,2016-05-07,13466,West
HOBBIES,CA,11616,2016-05-14,13558,West
HOBBIES,TX,11101,2011-01-29,4806,South
HOBBIES,TX,11102,2011-02-05,4523,South
HOBBIES,TX,11103,2011-02-12,4377,South
HOBBIES,TX,11104,2011-02-19,4606,South
HOBBIES,TX,11105,2011-02-26,3498,South
HOBBIES,TX,11106,2011-03-05,4494,South
HOBBIES,TX,11107,2011-03-12,4356,South
HOBBIES,TX,11108,2011-03-19,3969,South
HOBBIES,TX,11109,2011-03-26,4716,South
HOBBIES,TX,11110,2011-04-02,4684,South
HOBBIES,TX,11111,2011-04-09,4666,South
HOBBIES,TX,11112,2011-04-16,4630,South
HOBBIES,TX,11113,2011-04-23,4250,South
HOBBIES,TX,11114,2011-04-30,5134,South
HOBBIES,TX,11115,2011-05-07,4871,South
HOBBIES,TX,11116,2011-05-14,5060,South
HOBBIES,TX,11117,2011-05-21,4817,South
HOBBIES,TX,11118,2011-05-28,4443,South
HOBBIES,TX,11119,2011-06-04,4843,South
HOBBIES,TX,11120,2011-06-11,4856,South
HOBBIES,TX,11121,2011-06-18,4928,South
HOBBIES,TX,11122,2011-06-25,5160,South
HOBBIES,TX,11123,2011-07-02,5069,South
HOBBIES,TX,11124,2011-07-09,4721,South
HOBBIES,TX,11125,2011-07-16,5150,South
HOBBIES,TX,11126,2011-07-23,5025,South
HOBBIES,TX,11127,2011-07-30,5135,South
HOBBIES,TX,11128,2011-08-06,4783,South
HOBBIES,TX,11129,2011-08-13,4656,South
HOBBIES,TX,11130,2011-08-20,4764,South
HOBBIES,TX,11131,2011-08-27,4498,South
HOBBIES,TX,11132,2011-09-03,4200,South
HOBBIES,TX,11133,2011-09-10,4329,South
HOBBIES,TX,11134,2011-09-17,4554,South
HOBBIES,TX,11135,2011-09-24,4518,South
HOBBIES,TX,11136,2011-10-01,4945,South
HOBBIES,TX,11137,2011-10-08,4619,South
HOBBIES,TX,11138,2011-10-15,4860,South
HOBBIES,TX,11139,2011-10-22,5225,South
HOBBIES,TX,11140,2011-10-29,5339,South
HOBBIES,TX,11141,2011-11-05,4948,South
HOBBIES,TX,11142,2011-11-12,4657,South
HOBBIES,TX,11143,2011-11-19,4284,South
HOBBIES,TX,11144,2011-11-26,4531,South
HOBBIES,TX,11145,2011-12-03,4928,South
HOBBIES,TX,11146,2011-12-10,5017,South
HOBBIES,TX,11147,2011-12-17,4962,South
HOBBIES,TX,11148,2011-12-24,3981,South
HOBBIES,TX,11149,2011-12-31,4215,South
HOBBIES,TX,11150,2012-01-07,4416,South
HOBBIES,TX,11151,2012-01-14,4594,South
HOBBIES,TX,11152,2012-01-21,4743,South
HOBBIES,TX,11201,2012-01-28,5433,South
HOBBIES,TX,11202,2012-02-04,5091,South
HOBBIES,TX,11203,2012-02-11,5079,South
HOBBIES,TX,11204,2012-02-18,5184,South
HOBBIES,TX,11205,2012-02-25,5021,South
HOBBIES,TX,11206,2012-03-03,4950,South
HOBBIES,TX,11207,2012-03-10,4898,South
HOBBIES,TX,11208,2012-03-17,5007,South
HOBBIES,TX,11209,2012-03-24,4638,South
HOBBIES,TX,11210,2012-03-31,5143,South
HOBBIES,TX,11211,2012-04-07,5171,South
HOBBIES,TX,11212,2012-04-14,5292,South
HOBBIES,TX,11213,2012-04-21,5104,South
HOBBIES,TX,11214,2012-04-28,5716,South
HOBBIES,TX,11215,2012-05-05,5004,South
HOBBIES,TX,11216,2012-05-12,4478,South
HOBBIES,TX,11217,2012-05-19,4538,South
HOBBIES,TX,11218,2012-05-26,5036,South
HOBBIES,TX,11219,2012-06-02,5743,South
HOBBIES,TX,11220,2012-06-09,5278,South
HOBBIES,TX,11221,2012-06-16,5436,South
HOBBIES,TX,11222,2012-06-23,5396,South
HOBBIES,TX,11223,2012-06-30,4800,South
HOBBIES,TX,11224,2012-07-07,4924,South
HOBBIES,TX,11225,2012-07-14,5577,South
HOBBIES,TX,11226,2012-07-21,5110,South
HOBBIES,TX,11227,2012-07-28,4869,South
HOBBIES,TX,11228,2012-08-04,4567,South
HOBBIES,TX,11229,2012-08-11,4723,South
HOBBIES,TX,11230,2012-08-18,4826,South
HOBBIES,TX,11231,2012-08-25,4570,South
HOBBIES,TX,11232,2012-09-01,4762,South
HOBBIES,TX,11233,2012-09-08,4392,South
HOBBIES,TX,11234,2012-09-15,5029,South
HOBBIES,TX,11235,2012-09-22,4584,South
HOBBIES,TX,11236,2012-09-29,5116,South
HOBBIES,TX,11237,2012-10-06,4779,South
HOBBIES,TX,11238,2012-10-13,4854,South
HOBBIES,TX,11239,2012-10-20,4710,South
HOBBIES,TX,11240,2012-10-27,4713,South
HOBBIES,TX,11241,2012-11-03,4763,South
HOBBIES,TX,11242,2012-11-10,4592,South
HOBBIES,TX,11243,2012-11-17,4323,South
HOBBIES,TX,11244,2012-11-24,4197,South
HOBBIES,TX,11245,2012-12-01,4870,South
HOBBIES,TX,11246,2012-12-08,4585,South
HOBBIES,TX,11247,2012-12-15,4814,South
HOBBIES,TX,11248,2012-12-22,4035,South
HOBBIES,TX,11249,2012-12-29,4078,South
HOBBIES,TX,11250,2013-01-05,4023,South
HOBBIES,TX,11251,2013-01-12,4591,South
HOBBIES,TX,11252,2013-01-19,5343,South
HOBBIES,TX,11301,2013-01-26,6019,South
HOBBIES,TX,11302,2013-02-02,5212,South
HOBBIES,TX,11303,2013-02-09,5966,South
HOBBIES,TX,11304,2013-02-16,6080,South
HOBBIES,TX,11305,2013-02-23,6388,South
HOBBIES,TX,11306,2013-03-02,5408,South
HOBBIES,TX,11307,2013-03-09,6039,South
HOBBIES,TX,11308,2013-03-16,6081,South
HOBBIES,TX,11309,2013-03-23,5623,South
HOBBIES,TX,11310,2013-03-30,5967,South
HOBBIES,TX,11311,2013-04-06,6300,South
HOBBIES,TX,11312,2013-04-13,6347,South
HOBBIES,TX,11313,2013-04-20,6654,South
HOBBIES,TX,11314,2013-04-27,5173,South
HOBBIES,TX,11315,2013-05-04,6405,South
HOBBIES,TX,11316,2013-05-11,6903,South
HOBBIES,TX,11317,2013-05-18,6663,South
HOBBIES,TX,11318,2013-05-25,6567,South
HOBBIES,TX,11319,2013-06-01,6603,South
HOBBIES,TX,11320,2013-06-08,6656,South
HOBBIES,TX,11321,2013-06-15,6543,South
HOBBIES,TX,11322,2013-06-22,6672,South
HOBBIES,TX,11323,2013-06-29,6869,South
HOBBIES,TX,11324,2013-07-06,6424,South
HOBBIES,TX,11325,2013-07-13,6424,South
HOBBIES,TX,11326,2013-07-20,6579,South
HOBBIES,TX,11327,2013-07-27,6607,South
HOBBIES,TX,11328,2013-08-03,6651,South
HOBBIES,TX,11329,2013-08-10,6239,South
HOBBIES,TX,11330,2013-08-17,6390,South
HOBBIES,TX,11331,2013-08-24,6229,South
HOBBIES,TX,11332,2013-08-31,5016,South
HOBBIES,TX,11333,2013-09-07,6094,South
HOBBIES,TX,11334,2013-09-14,6018,South
HOBBIES,TX,11335,2013-09-21,6313,South
HOBBIES,TX,11336,2013-09-28,6766,South
HOBBIES,TX,11337,2013-10-05,6178,South
HOBBIES,TX,11338,2013-10-12,6529,South
HOBBIES,TX,11339,2013-10-19,6619,South
HOBBIES,TX,11340,2013-10-26,6337,South
HOBBIES,TX,11341,2013-11-02,6178,South
HOBBIES,TX,11342,2013-11-09,6218,South
HOBBIES,TX,11343,2013-11-16,6569,South
HOBBIES,TX,11344,2013-11-23,5747,South
HOBBIES,TX,11345,2013-11-30,6136,South
HOBBIES,TX,11346,2013-12-07,5596,South
HOBBIES,TX,11347,2013-12-14,6022,South
HOBBIES,TX,11348,2013-12-21,5482,South
HOBBIES,TX,11349,2013-12-28,5642,South
HOBBIES,TX,11350,2014-01-04,5692,South
HOBBIES,TX,11351,2014-01-11,5861,South
HOBBIES,TX,11352,2014-01-18,5385,South
HOBBIES,TX,11353,2014-01-25,5561,South
HOBBIES,TX,11401,2014-02-01,6016,South
HOBBIES,TX,11402,2014-02-08,5669,South
HOBBIES,TX,11403,2014-02-15,5558,South
HOBBIES,TX,11404,2014-02-22,5291,South
HOBBIES,TX,11405,2014-03-01,5604,South
HOBBIES,TX,11406,2014-03-08,5382,South
HOBBIES,TX,11407,2014-03-15,5378,South
HOBBIES,TX,11408,2014-03-22,5421,South
HOBBIES,TX,11409,2014-03-29,5853,South
HOBBIES,TX,11410,2014-04-05,5240,South
HOBBIES,TX,11411,2014-04-12,5682,South
HOBBIES,TX,11412,2014-04-19,5878,South
HOBBIES,TX,11413,2014-04-26,5096,South
HOBBIES,TX,11414,2014-05-03,5576,South
HOBBIES,TX,11415,2014-05-10,5606,South
HOBBIES,TX,11416,2014-05-17,5684,South
HOBBIES,TX,11417,2014-05-24,5536,South
HOBBIES,TX,11418,2014-05-31,5917,South
HOBBIES,TX,11419,2014-06-07,5642,South
HOBBIES,TX,11420,2014-06-14,5879,South
HOBBIES,TX,11421,2014-06-21,5827,South
HOBBIES,TX,11422,2014-06-28,5945,South
HOBBIES,TX,11423,2014-07-05,5334,South
HOBBIES,TX,11424,2014-07-12,5440,South
HOBBIES,TX,11425,2014-07-19,5674,South
HOBBIES,TX,11426,2014-07-26,5653,South
HOBBIES,TX,11427,2014-08-02,5654,South
HOBBIES,TX,11428,2014-08-09,5446,South
HOBBIES,TX,11429,2014-08-16,5372,South
HOBBIES,TX,11430,2014-08-23,5167,South
HOBBIES,TX,11431,2014-08-30,5911,South
HOBBIES,TX,11432,2014-09-06,5412,South
HOBBIES,TX,11433,2014-09-13,5396,South
HOBBIES,TX,11434,2014-09-20,5481,South
HOBBIES,TX,11435,2014-09-27,5951,South
HOBBIES,TX,11436,2014-10-04,6107,South
HOBBIES,TX,11437,2014-10-11,6081,South
HOBBIES,TX,11438,2014-10-18,6679,South
HOBBIES,TX,11439,2014-10-25,6545,South
HOBBIES,TX,11440,2014-11-01,6356,South
HOBBIES,TX,11441,2014-11-08,6315,South
HOBBIES,TX,11442,2014-11-15,6713,South
HOBBIES,TX,11443,2014-11-22,6156,South
HOBBIES,TX,11444,2014-11-29,6223,South
HOBBIES,TX,11445,2014-12-06,6370,South
HOBBIES,TX,11446,2014-12-13,6361,South
HOBBIES,TX,11447,2014-12-20,5709,South
HOBBIES,TX,11448,2014-12-27,5936,South
HOBBIES,TX,11449,2015-01-03,5857,South
HOBBIES,TX,11450,2015-01-10,5902,South
HOBBIES,TX,11451,2015-01-17,6265,South
HOBBIES,TX,11452,2015-01-24,6965,South
HOBBIES,TX,11501,2015-01-31,7383,South
HOBBIES,TX,11502,2015-02-07,7653,South
HOBBIES,TX,11503,2015-02-14,7129,South
HOBBIES,TX,11504,2015-02-21,7132,South
HOBBIES,TX,11505,2015-02-28,7309,South
HOBBIES,TX,11506,2015-03-07,7156,South
HOBBIES,TX,11507,2015-03-14,7069,South
HOBBIES,TX,11508,2015-03-21,6907,South
HOBBIES,TX,11509,2015-03-28,7473,South
HOBBIES,TX,11510,2015-04-04,7532,South
HOBBIES,TX,11511,2015-04-11,6850,South
HOBBIES,TX,11512,2015-04-18,7164,South
HOBBIES,TX,11513,2015-04-25,7531,South
HOBBIES,TX,11514,2015-05-02,7590,South
HOBBIES,TX,11515,2015-05-09,7463,South
HOBBIES,TX,11516,2015-05-16,7811,South
HOBBIES,TX,11517,2015-05-23,7545,South
HOBBIES,TX,11518,2015-05-30,7489,South
HOBBIES,TX,11519,2015-06-06,7152,South
HOBBIES,TX,11520,2015-06-13,6943,South
HOBBIES,TX,11521,2015-06-20,6853,South
HOBBIES,TX,11522,2015-06-27,7271,South
HOBBIES,TX,11523,2015-07-04,6627,South
HOBBIES,TX,11524,2015-07-11,7062,South
HOBBIES,TX,11525,2015-07-18,7120,South
HOBBIES,TX,11526,2015-07-25,6985,South
HOBBIES,TX,11527,2015-08-01,7078,South
HOBBIES,TX,11528,2015-08-08,6902,South
HOBBIES,TX,11529,2015-08-15,6772,South
HOBBIES,TX,11530,2015-08-22,7174,South
HOBBIES,TX,11531,2015-08-29,7189,South
HOBBIES,TX,11532,2015-09-05,6728,South
HOBBIES,TX,11533,2015-09-12,7180,South
HOBBIES,TX,11534,2015-09-19,6989,South
HOBBIES,TX,11535,2015-09-26,7091,South
HOBBIES,TX,11536,2015-10-03,7500,South
HOBBIES,TX,11537,2015-10-10,7421,South
HOBBIES,TX,11538,2015-10-17,8096,South
HOBBIES,TX,11539,2015-10-24,7894,South
HOBBIES,TX,11540,2015-10-31,7600,South
HOBBIES,TX,11541,2015-11-07,7771,South
HOBBIES,TX,11542,2015-11-14,7687,South
HOBBIES,TX,11543,2015-11-21,7242,South
HOBBIES,TX,11544,2015-11-28,7429,South
HOBBIES,TX,11545,2015-12-05,7510,South
HOBBIES,TX,11546,2015-12-12,7880,South
HOBBIES,TX,11547,2015-12-19,6371,South
HOBBIES,TX,11548,2015-12-26,7008,South
HOBBIES,TX,11549,2016-01-02,6408,South
HOBBIES,TX,11550,2016-01-09,6934,South
HOBBIES,TX,11551,2016-01-16,6931,South
HOBBIES,TX,11552,2016-01-23,6864,South
HOBBIES,TX,11601,2016-01-30,7886,South
HOBBIES,TX,11602,2016-02-06,7552,South
HOBBIES,TX,11603,2016-02-13,7312,South
HOBBIES,TX,11604,2016-02-20,7435,South
HOBBIES,TX,11605,2016-02-27,7191,South
HOBBIES,TX,11606,2016-03-05,6557,South
HOBBIES,TX,11607,2016-03-12,7087,South
HOBBIES,TX,11608,2016-03-19,7261,South
HOBBIES,TX,11609,2016-03-26,7053,South
HOBBIES,TX,11610,2016-04-02,7657,South
HOBBIES,TX,11611,2016-04-09,7795,South
HOBBIES,TX,11612,2016-04-16,7358,South
HOBBIES,TX,11613,2016-04-23,7712,South
HOBBIES,TX,11614,2016-04-30,8127,South
HOBBIES,TX,11615,2016-05-07,7641,South
HOBBIES,TX,11616,2016-05-14,7816,South
HOBBIES,WI,11101,2011-01-29,5450,Midwest
HOBBIES,WI,11102,2011-02-05,5140,Midwest
HOBBIES,WI,11103,2011-02-12,5025,Midwest
HOBBIES,WI,11104,2011-02-19,4908,Midwest
HOBBIES,WI,11105,2011-02-26,3747,Midwest
HOBBIES,WI,11106,2011-03-05,5034,Midwest
HOBBIES,WI,11107,2011-03-12,5346,Midwest
HOBBIES,WI,11108,2011-03-19,4780,Midwest
HOBBIES,WI,11109,2011-03-26,5739,Midwest
HOBBIES,WI,11110,2011-04-02,5758,Midwest
HOBBIES,WI,11111,2011-04-09,4911,Midwest
HOBBIES,WI,11112,2011-04-16,5093,Midwest
HOBBIES,WI,11113,2011-04-23,4768,Midwest
HOBBIES,WI,11114,2011-04-30,5425,Midwest
HOBBIES,WI,11115,2011-05-07,5029,Midwest
HOBBIES,WI,11116,2011-05-14,5156,Midwest
HOBBIES,WI,11117,2011-05-21,5246,Midwest
HOBBIES,WI,11118,2011-05-28,4241,Midwest
HOBBIES,WI,11119,2011-06-04,5204,Midwest
HOBBIES,WI,11120,2011-06-11,4785,Midwest
HOBBIES,WI,11121,2011-06-18,4965,Midwest
HOBBIES,WI,11122,2011-06-25,5148,Midwest
HOBBIES,WI,11123,2011-07-02,4586,Midwest
HOBBIES,WI,11124,2011-07-09,4996,Midwest
HOBBIES,WI,11125,2011-07-16,4870,Midwest
HOBBIES,WI,11126,2011-07-23,4574,Midwest
HOBBIES,WI,11127,2011-07-30,5230,Midwest
HOBBIES,WI,11128,2011-08-06,4905,Midwest
HOBBIES,WI,11129,2011-08-13,4777,Midwest
HOBBIES,WI,11130,2011-08-20,4507,Midwest
HOBBIES,WI,11131,2011-08-27,4687,Midwest
HOBBIES,WI,11132,2011-09-03,4462,Midwest
HOBBIES,WI,11133,2011-09-10,4748,Midwest
HOBBIES,WI,11134,2011-09-17,4681,Midwest
HOBBIES,WI,11135,2011-09-24,4644,Midwest
HOBBIES,WI,11136,2011-10-01,4860,Midwest
HOBBIES,WI,11137,2011-10-08,4884,Midwest
HOBBIES,WI,11138,2011-10-15,4788,Midwest
HOBBIES,WI,11139,2011-10-22,5172,Midwest
HOBBIES,WI,11140,2011-10-29,5395,Midwest
HOBBIES,WI,11141,2011-11-05,4767,Midwest
HOBBIES,WI,11142,2011-11-12,4968,Midwest
HOBBIES,WI,11143,2011-11-19,4546,Midwest
HOBBIES,WI,11144,2011-11-26,5228,Midwest
HOBBIES,WI,11145,2011-12-03,5242,Midwest
HOBBIES,WI,11146,2011-12-10,5290,Midwest
HOBBIES,WI,11147,2011-12-17,5417,Midwest
HOBBIES,WI,11148,2011-12-24,4273,Midwest
HOBBIES,WI,11149,2011-12-31,5041,Midwest
HOBBIES,WI,11150,2012-01-07,4377,Midwest
HOBBIES,WI,11151,2012-01-14,4821,Midwest
HOBBIES,WI,11152,2012-01-21,4616,Midwest
HOBBIES,WI,11201,2012-01-28,5168,Midwest
HOBBIES,WI,11202,2012-02-04,4868,Midwest
HOBBIES,WI,11203,2012-02-11,5022,Midwest
HOBBIES,WI,11204,2012-02-18,4458,Midwest
HOBBIES,WI,11205,2012-02-25,5081,Midwest
HOBBIES,WI,11206,2012-03-03,5217,Midwest
HOBBIES,WI,11207,2012-03-10,4688,Midwest
HOBBIES,WI,11208,2012-03-17,4843,Midwest
HOBBIES,WI,11209,2012-03-24,4968,Midwest
HOBBIES,WI,11210,2012-03-31,5292,Midwest
HOBBIES,WI,11211,2012-04-07,4804,Midwest
HOBBIES,WI,11212,2012-04-14,4647,Midwest
HOBBIES,WI,11213,2012-04-21,4657,Midwest
HOBBIES,WI,11214,2012-04-28,5509,Midwest
HOBBIES,WI,11215,2012-05-05,4417,Midwest
HOBBIES,WI,11216,2012-05-12,4253,Midwest
HOBBIES,WI,11217,2012-05-19,4398,Midwest
HOBBIES,WI,11218,2012-05-26,5308,Midwest
HOBBIES,WI,11219,2012-06-02,5482,Midwest
HOBBIES,WI,11220,2012-06-09,5056,Midwest
HOBBIES,WI,11221,2012-06-16,5587,Midwest
HOBBIES,WI,11222,2012-06-23,5085,Midwest
HOBBIES,WI,11223,2012-06-30,4697,Midwest
HOBBIES,WI,11224,2012-07-07,4945,Midwest
HOBBIES,WI,11225,2012-07-14,5139,Midwest
HOBBIES,WI,11226,2012-07-21,4790,Midwest
HOBBIES,WI,11227,2012-07-28,4730,Midwest
HOBBIES,WI,11228,2012-08-04,4044,Midwest
HOBBIES,WI,11229,2012-08-11,4102,Midwest
HOBBIES,WI,11230,2012-08-18,3927,Midwest
HOBBIES,WI,11231,2012-08-25,4471,Midwest
HOBBIES,WI,11232,2012-09-01,4570,Midwest
HOBBIES,WI,11233,2012-09-08,4370,Midwest
HOBBIES,WI,11234,2012-09-15,4645,Midwest
HOBBIES,WI,11235,2012-09-22,4131,Midwest
HOBBIES,WI,11236,2012-09-29,4778,Midwest
HOBBIES,WI,11237,2012-10-06,4126,Midwest
HOBBIES,WI,11238,2012-10-13,3717,Midwest
HOBBIES,WI,11239,2012-10-20,3632,Midwest
HOBBIES,WI,11240,2012-10-27,5262,Midwest
HOBBIES,WI,11241,2012-11-03,4494,Midwest
HOBBIES,WI,11242,2012-11-10,4541,Midwest
HOBBIES,WI,11243,2012-11-17,4013,Midwest
HOBBIES,WI,11244,2012-11-24,4433,Midwest
HOBBIES,WI,11245,2012-12-01,5003,Midwest
HOBBIES,WI,11246,2012-12-08,4584,Midwest
HOBBIES,WI,11247,2012-12-15,4894,Midwest
HOBBIES,WI,11248,2012-12-22,3613,Midwest
HOBBIES,WI,11249,2012-12-29,4124,Midwest
HOBBIES,WI,11250,2013-01-05,4073,Midwest
HOBBIES,WI,11251,2013-01-12,3799,Midwest
HOBBIES,WI,11252,2013-01-19,4764,Midwest
HOBBIES,WI,11301,2013-01-26,5741,Midwest
HOBBIES,WI,11302,2013-02-02,4921,Midwest
HOBBIES,WI,11303,2013-02-09,5697,Midwest
HOBBIES,WI,11304,2013-02-16,5626,Midwest
HOBBIES,WI,11305,2013-02-23,5957,Midwest
HOBBIES,WI,11306,2013-03-02,5382,Midwest
HOBBIES,WI,11307,2013-03-09,5494,Midwest
HOBBIES,WI,11308,2013-03-16,5723,Midwest
HOBBIES,WI,11309,2013-03-23,4910,Midwest
HOBBIES,WI,11310,2013-03-30,5989,Midwest
HOBBIES,WI,11311,2013-04-06,5923,Midwest
HOBBIES,WI,11312,2013-04-13,5791,Midwest
HOBBIES,WI,11313,2013-04-20,5739,Midwest
HOBBIES,WI,11314,2013-04-27,4508,Midwest
HOBBIES,WI,11315,2013-05-04,5262,Midwest
HOBBIES,WI,11316,2013-05-11,5686,Midwest
HOBBIES,WI,11317,2013-05-18,5343,Midwest
HOBBIES,WI,11318,2013-05-25,5398,Midwest
HOBBIES,WI,11319,2013-06-01,6620,Midwest
HOBBIES,WI,11320,2013-06-08,6143,Midwest
HOBBIES,WI,11321,2013-06-15,5802,Midwest
HOBBIES,WI,11322,2013-06-22,5545,Midwest
HOBBIES,WI,11323,2013-06-29,6473,Midwest
HOBBIES,WI,11324,2013-07-06,5097,Midwest
HOBBIES,WI,11325,2013-07-13,4972,Midwest
HOBBIES,WI,11326,2013-07-20,5187,Midwest
HOBBIES,WI,11327,2013-07-27,5681,Midwest
HOBBIES,WI,11328,2013-08-03,5317,Midwest
HOBBIES,WI,11329,2013-08-10,4946,Midwest
HOBBIES,WI,11330,2013-08-17,5091,Midwest
HOBBIES,WI,11331,2013-08-24,5219,Midwest
HOBBIES,WI,11332,2013-08-31,4012,Midwest
HOBBIES,WI,11333,2013-09-07,4828,Midwest
HOBBIES,WI,11334,2013-09-14,5142,Midwest
HOBBIES,WI,11335,2013-09-21,5271,Midwest
HOBBIES,WI,11336,2013-09-28,6461,Midwest
HOBBIES,WI,11337,2013-10-05,6021,Midwest
HOBBIES,WI,11338,2013-10-12,6179,Midwest
HOBBIES,WI,11339,2013-10-19,6050,Midwest
HOBBIES,WI,11340,2013-10-26,6106,Midwest
HOBBIES,WI,11341,2013-11-02,5856,Midwest
HOBBIES,WI,11342,2013-11-09,5608,Midwest
HOBBIES,WI,11343,2013-11-16,5908,Midwest
HOBBIES,WI,11344,2013-11-23,5155,Midwest
HOBBIES,WI,11345,2013-11-30,6251,Midwest
HOBBIES,WI,11346,2013-12-07,5736,Midwest
HOBBIES,WI,11347,2013-12-14,5898,Midwest
HOBBIES,WI,11348,2013-12-21,5368,Midwest
HOBBIES,WI,11349,2013-12-28,5601,Midwest
HOBBIES,WI,11350,2014-01-04,5185,Midwest
HOBBIES,WI,11351,2014-01-11,5836,Midwest
HOBBIES,WI,11352,2014-01-18,5572,Midwest
HOBBIES,WI,11353,2014-01-25,5858,Midwest
HOBBIES,WI,11401,2014-02-01,5849,Midwest
HOBBIES,WI,11402,2014-02-08,5869,Midwest
HOBBIES,WI,11403,2014-02-15,5640,Midwest
HOBBIES,WI,11404,2014-02-22,5698,Midwest
HOBBIES,WI,11405,2014-03-01,5838,Midwest
HOBBIES,WI,11406,2014-03-08,5848,Midwest
HOBBIES,WI,11407,2014-03-15,5568,Midwest
HOBBIES,WI,11408,2014-03-22,5520,Midwest
HOBBIES,WI,11409,2014-03-29,5653,Midwest
HOBBIES,WI,11410,2014-04-05,5475,Midwest
HOBBIES,WI,11411,2014-04-12,5525,Midwest
HOBBIES,WI,11412,2014-04-19,5046,Midwest
HOBBIES,WI,11413,2014-04-26,5623,Midwest
HOBBIES,WI,11414,2014-05-03,5385,Midwest
HOBBIES,WI,11415,2014-05-10,5241,Midwest
HOBBIES,WI,11416,2014-05-17,5354,Midwest
HOBBIES,WI,11417,2014-05-24,5520,Midwest
HOBBIES,WI,11418,2014-05-31,5837,Midwest
HOBBIES,WI,11419,2014-06-07,5726,Midwest
HOBBIES,WI,11420,2014-06-14,5092,Midwest
HOBBIES,WI,11421,2014-06-21,5320,Midwest
HOBBIES,WI,11422,2014-06-28,5938,Midwest
HOBBIES,WI,11423,2014-07-05,5370,Midwest
HOBBIES,WI,11424,2014-07-12,5581,Midwest
HOBBIES,WI,11425,2014-07-19,5061,Midwest
HOBBIES,WI,11426,2014-07-26,5691,Midwest
HOBBIES,WI,11427,2014-08-02,5347,Midwest
HOBBIES,WI,11428,2014-08-09,5347,Midwest
HOBBIES,WI,11429,2014-08-16,4866,Midwest
HOBBIES,WI,11430,2014-08-23,5417,Midwest
HOBBIES,WI,11431,2014-08-30,5282,Midwest
HOBBIES,WI,11432,2014-09-06,5072,Midwest
HOBBIES,WI,11433,2014-09-13,4923,Midwest
HOBBIES,WI,11434,2014-09-20,5042,Midwest
HOBBIES,WI,11435,2014-09-27,5556,Midwest
HOBBIES,WI,11436,2014-10-04,5857,Midwest
HOBBIES,WI,11437,2014-10-11,6005,Midwest
HOBBIES,WI,11438,2014-10-18,5644,Midwest
HOBBIES,WI,11439,2014-10-25,6189,Midwest
HOBBIES,WI,11440,2014-11-01,5575,Midwest
HOBBIES,WI,11441,2014-11-08,5416,Midwest
HOBBIES,WI,11442,2014-11-15,5648,Midwest
HOBBIES,WI,11443,2014-11-22,5002,Midwest
HOBBIES,WI,11444,2014-11-29,6056,Midwest
HOBBIES,WI,11445,2014-12-06,5688,Midwest
HOBBIES,WI,11446,2014-12-13,5938,Midwest
HOBBIES,WI,11447,2014-12-20,5346,Midwest
HOBBIES,WI,11448,2014-12-27,5698,Midwest
HOBBIES,WI,11449,2015-01-03,4692,Midwest
HOBBIES,WI,11450,2015-01-10,5017,Midwest
HOBBIES,WI,11451,2015-01-17,5249,Midwest
HOBBIES,WI,11452,2015-01-24,6093,Midwest
HOBBIES,WI,11501,2015-01-31,6368,Midwest
HOBBIES,WI,11502,2015-02-07,6644,Midwest
HOBBIES,WI,11503,2015-02-14,6231,Midwest
HOBBIES,WI,11504,2015-02-21,6314,Midwest
HOBBIES,WI,11505,2015-02-28,6308,Midwest
HOBBIES,WI,11506,2015-03-07,6325,Midwest
HOBBIES,WI,11507,2015-03-14,6053,Midwest
HOBBIES,WI,11508,2015-03-21,6269,Midwest
HOBBIES,WI,11509,2015-03-28,6680,Midwest
HOBBIES,WI,11510,2015-04-04,6290,Midwest
HOBBIES,WI,11511,2015-04-11,5817,Midwest
HOBBIES,WI,11512,2015-04-18,6454,Midwest
HOBBIES,WI,11513,2015-04-25,6133,Midwest
HOBBIES,WI,11514,2015-05-02,6300,Midwest
HOBBIES,WI,11515,2015-05-09,5876,Midwest
HOBBIES,WI,11516,2015-05-16,6162,Midwest
HOBBIES,WI,11517,2015-05-23,6022,Midwest
HOBBIES,WI,11518,2015-05-30,6731,Midwest
HOBBIES,WI,11519,2015-06-06,6131,Midwest
HOBBIES,WI,11520,2015-06-13,6063,Midwest
HOBBIES,WI,11521,2015-06-20,5928,Midwest
HOBBIES,WI,11522,2015-06-27,7153,Midwest
HOBBIES,WI,11523,2015-07-04,5909,Midwest
HOBBIES,WI,11524,2015-07-11,6149,Midwest
HOBBIES,WI,11525,2015-07-18,6222,Midwest
HOBBIES,WI,11526,2015-07-25,6081,Midwest
HOBBIES,WI,11527,2015-08-01,6496,Midwest
HOBBIES,WI,11528,2015-08-08,6272,Midwest
HOBBIES,WI,11529,2015-08-15,6333,Midwest
HOBBIES,WI,11530,2015-08-22,6361,Midwest
HOBBIES,WI,11531,2015-08-29,6763,Midwest
HOBBIES,WI,11532,2015-09-05,6033,Midwest
HOBBIES,WI,11533,2015-09-12,6147,Midwest
HOBBIES,WI,11534,2015-09-19,6340,Midwest
HOBBIES,WI,11535,2015-09-26,6518,Midwest
HOBBIES,WI,11536,2015-10-03,6707,Midwest
HOBBIES,WI,11537,2015-10-10,6683,Midwest
HOBBIES,WI,11538,2015-10-17,6642,Midwest
HOBBIES,WI,11539,2015-10-24,7396,Midwest
HOBBIES,WI,11540,2015-10-31,6886,Midwest
HOBBIES,WI,11541,2015-11-07,6524,Midwest
HOBBIES,WI,11542,2015-11-14,6869,Midwest
HOBBIES,WI,11543,2015-11-21,5844,Midwest
HOBBIES,WI,11544,2015-11-28,6678,Midwest
HOBBIES,WI,11545,2015-12-05,6963,Midwest
HOBBIES,WI,11546,2015-12-12,6971,Midwest
HOBBIES,WI,11547,2015-12-19,6131,Midwest
HOBBIES,WI,11548,2015-12-26,6486,Midwest
HOBBIES,WI,11549,2016-01-02,6234,Midwest
HOBBIES,WI,11550,2016-01-09,5717,Midwest
HOBBIES,WI,11551,2016-01-16,5771,Midwest
HOBBIES,WI,11552,2016-01-23,6412,Midwest
HOBBIES,WI,11601,2016-01-30,6946,Midwest
HOBBIES,WI,11602,2016-02-06,6899,Midwest
HOBBIES,WI,11603,2016-02-13,6393,Midwest
HOBBIES,WI,11604,2016-02-20,6467,Midwest
HOBBIES,WI,11605,2016-02-27,6927,Midwest
HOBBIES,WI,11606,2016-03-05,6650,Midwest
HOBBIES,WI,11607,2016-03-12,6434,Midwest
HOBBIES,WI,11608,2016-03-19,6658,Midwest
HOBBIES,WI,11609,2016-03-26,6601,Midwest
HOBBIES,WI,11610,2016-04-02,6943,Midwest
HOBBIES,WI,11611,2016-04-09,7021,Midwest
HOBBIES,WI,11612,2016-04-16,6804,Midwest
HOBBIES,WI,11613,2016-04-23,7087,Midwest
HOBBIES,WI,11614,2016-04-30,7232,Midwest
HOBBIES,WI,11615,2016-05-07,6835,Midwest
HOBBIES,WI,11616,2016-05-14,7050,Midwest
HOUSEHOLD,CA,11101,2011-01-29,13249,West
HOUSEHOLD,CA,11102,2011-02-05,13397,West
HOUSEHOLD,CA,11103,2011-02-12,13419,West
HOUSEHOLD,CA,11104,2011-02-19,14792,West
HOUSEHOLD,CA,11105,2011-02-26,13781,West
HOUSEHOLD,CA,11106,2011-03-05,14247,West
HOUSEHOLD,CA,11107,2011-03-12,15161,West
HOUSEHOLD,CA,11108,2011-03-19,14938,West
HOUSEHOLD,CA,11109,2011-03-26,14628,West
HOUSEHOLD,CA,11110,2011-04-02,15319,West
HOUSEHOLD,CA,11111,2011-04-09,14931,West
HOUSEHOLD,CA,11112,2011-04-16,15020,West
HOUSEHOLD,CA,11113,2011-04-23,14072,West
HOUSEHOLD,CA,11114,2011-04-30,14788,West
HOUSEHOLD,CA,11115,2011-05-07,14377,West
HOUSEHOLD,CA,11116,2011-05-14,14742,West
HOUSEHOLD,CA,11117,2011-05-21,13856,West
HOUSEHOLD,CA,11118,2011-05-28,14999,West
HOUSEHOLD,CA,11119,2011-06-04,15976,West
HOUSEHOLD,CA,11120,2011-06-11,15450,West
HOUSEHOLD,CA,11121,2011-06-18,15236,West
HOUSEHOLD,CA,11122,2011-06-25,15093,West
HOUSEHOLD,CA,11123,2011-07-02,16231,West
HOUSEHOLD,CA,11124,2011-07-09,16555,West
HOUSEHOLD,CA,11125,2011-07-16,16308,West
HOUSEHOLD,CA,11126,2011-07-23,16014,West
HOUSEHOLD,CA,11127,2011-07-30,17648,West
HOUSEHOLD,CA,11128,2011-08-06,17154,West
HOUSEHOLD,CA,11129,2011-08-13,17884,West
HOUSEHOLD,CA,11130,2011-08-20,17443,West
HOUSEHOLD,CA,11131,2011-08-27,16929,West
HOUSEHOLD,CA,11132,2011-09-03,18103,West
HOUSEHOLD,CA,11133,2011-09-10,17325,West
HOUSEHOLD,CA,11134,2011-09-17,16988,West
HOUSEHOLD,CA,11135,2011-09-24,16834,West
HOUSEHOLD,CA,11136,2011-10-01,18522,West
HOUSEHOLD,CA,11137,2011-10-08,17205,West
HOUSEHOLD,CA,11138,2011-10-15,17711,West
HOUSEHOLD,CA,11139,2011-10-22,16860,West
HOUSEHOLD,CA,11140,2011-10-29,17207,West
HOUSEHOLD,CA,11141,2011-11-05,17644,West
HOUSEHOLD,CA,11142,2011-11-12,16192,West
HOUSEHOLD,CA,11143,2011-11-19,16245,West
HOUSEHOLD,CA,11144,2011-11-26,14817,West
HOUSEHOLD,CA,11145,2011-12-03,16037,West
HOUSEHOLD,CA,11146,2011-12-10,15386,West
HOUSEHOLD,CA,11147,2011-12-17,15890,West
HOUSEHOLD,CA,11148,2011-12-24,13801,West
HOUSEHOLD,CA,11149,2011-12-31,15969,West
HOUSEHOLD,CA,11150,2012-01-07,16053,West
HOUSEHOLD,CA,11151,2012-01-14,15857,West
HOUSEHOLD,CA,11152,2012-01-21,15825,West
HOUSEHOLD,CA,11201,2012-01-28,16547,West
HOUSEHOLD,CA,11202,2012-02-04,17511,West
HOUSEHOLD,CA,11203,2012-02-11,17487,West
HOUSEHOLD,CA,11204,2012-02-18,18284,West
HOUSEHOLD,CA,11205,2012-02-25,18234,West
HOUSEHOLD,CA,11206,2012-03-03,19128,West
HOUSEHOLD,CA,11207,2012-03-10,19054,West
HOUSEHOLD,CA,11208,2012-03-17,18577,West
HOUSEHOLD,CA,11209,2012-03-24,17574,West
HOUSEHOLD,CA,11210,2012-03-31,18375,West
HOUSEHOLD,CA,11211,2012-04-07,17913,West
HOUSEHOLD,CA,11212,2012-04-14,17384,West
HOUSEHOLD,CA,11213,2012-04-21,17129,West
HOUSEHOLD,CA,11214,2012-04-28,18104,West
HOUSEHOLD,CA,11215,2012-05-05,16489,West
HOUSEHOLD,CA,11216,2012-05-12,16767,West
HOUSEHOLD,CA,11217,2012-05-19,17659,West
HOUSEHOLD,CA,11218,2012-05-26,18863,West
HOUSEHOLD,CA,11219,2012-06-02,19084,West
HOUSEHOLD,CA,11220,2012-06-09,22419,West
HOUSEHOLD,CA,11221,2012-06-16,23158,West
HOUSEHOLD,CA,11222,2012-06-23,22066,West
HOUSEHOLD,CA,11223,2012-06-30,23316,West
HOUSEHOLD,CA,11224,2012-07-07,21972,West
HOUSEHOLD,CA,11225,2012-07-14,22136,West
HOUSEHOLD,CA,11226,2012-07-21,21988,West
HOUSEHOLD,CA,11227,2012-07-28,22430,West
HOUSEHOLD,CA,11228,2012-08-04,23436,West
HOUSEHOLD,CA,11229,2012-08-11,24248,West
HOUSEHOLD,CA,11230,2012-08-18,24147,West
HOUSEHOLD,CA,11231,2012-08-25,22812,West
HOUSEHOLD,CA,11232,2012-09-01,24921,West
HOUSEHOLD,CA,11233,2012-09-08,25139,West
HOUSEHOLD,CA,11234,2012-09-15,24507,West
HOUSEHOLD,CA,11235,2012-09-22,23572,West
HOUSEHOLD,CA,11236,2012-09-29,23753,West
HOUSEHOLD,CA,11237,2012-10-06,23491,West
HOUSEHOLD,CA,11238,2012-10-13,23435,West
HOUSEHOLD,CA,11239,2012-10-20,23192,West
HOUSEHOLD,CA,11240,2012-10-27,21710,West
HOUSEHOLD,CA,11241,2012-11-03,22852,West
HOUSEHOLD,CA,11242,2012-11-10,20636,West
HOUSEHOLD,CA,11243,2012-11-17,20712,West
HOUSEHOLD,CA,11244,2012-11-24,19392,West
HOUSEHOLD,CA,11245,2012-12-01,21774,West
HOUSEHOLD,CA,11246,2012-12-08,19660,West
HOUSEHOLD,CA,11247,2012-12-15,20251,West
HOUSEHOLD,CA,11248,2012-12-22,19476,West
HOUSEHOLD,CA,11249,2012-12-29,21940,West
HOUSEHOLD,CA,11250,2013-01-05,19695,West
HOUSEHOLD,CA,11251,2013-01-12,19830,West
HOUSEHOLD,CA,11252,2013-01-19,20545,West
HOUSEHOLD,CA,11301,2013-01-26,20519,West
HOUSEHOLD,CA,11302,2013-02-02,20763,West
HOUSEHOLD,CA,11303,2013-02-09,21988,West
HOUSEHOLD,CA,11304,2013-02-16,23769,West
HOUSEHOLD,CA,11305,2013-02-23,24516,West
HOUSEHOLD,CA,11306,2013-03-02,23877,West
HOUSEHOLD,CA,11307,2013-03-09,24511,West
HOUSEHOLD,CA,11308,2013-03-16,24954,West
HOUSEHOLD,CA,11309,2013-03-23,25192,West
HOUSEHOLD,CA,11310,2013-03-30,26472,West
HOUSEHOLD,CA,11311,2013-04-06,26682,West
HOUSEHOLD,CA,11312,2013-04-13,25245,West
HOUSEHOLD,CA,11313,2013-04-20,25513,West
HOUSEHOLD,CA,11314,2013-04-27,26339,West
HOUSEHOLD,CA,11315,2013-05-04,26163,West
HOUSEHOLD,CA,11316,2013-05-11,25761,West
HOUSEHOLD,CA,11317,2013-05-18,26701,West
HOUSEHOLD,CA,11318,2013-05-25,25992,West
HOUSEHOLD,CA,11319,2013-06-01,27514,West
HOUSEHOLD,CA,11320,2013-06-08,27428,West
HOUSEHOLD,CA,11321,2013-06-15,26594,West
HOUSEHOLD,CA,11322,2013-06-22,26464,West
HOUSEHOLD,CA,11323,2013-06-29,27495,West
HOUSEHOLD,CA,11324,2013-07-06,26829,West
HOUSEHOLD,CA,11325,2013-07-13,28003,West
HOUSEHOLD,CA,11326,2013-07-20,27510,West
HOUSEHOLD,CA,11327,2013-07-27,26075,West
HOUSEHOLD,CA,11328,2013-08-03,27069,West
HOUSEHOLD,CA,11329,2013-08-10,26612,West
HOUSEHOLD,CA,11330,2013-08-17,27937,West
HOUSEHOLD,CA,11331,2013-08-24,27225,West
HOUSEHOLD,CA,11332,2013-08-31,28734,West
HOUSEHOLD,CA,11333,2013-09-07,26848,West
HOUSEHOLD,CA,11334,2013-09-14,28263,West
HOUSEHOLD,CA,11335,2013-09-21,27060,West
HOUSEHOLD,CA,11336,2013-09-28,27686,West
HOUSEHOLD,CA,11337,2013-10-05,27469,West
HOUSEHOLD,CA,11338,2013-10-12,25901,West
HOUSEHOLD,CA,11339,2013-10-19,25796,West
HOUSEHOLD,CA,11340,2013-10-26,25009,West
HOUSEHOLD,CA,11341,2013-11-02,25972,West
HOUSEHOLD,CA,11342,2013-11-09,24034,West
HOUSEHOLD,CA,11343,2013-11-16,24614,West
HOUSEHOLD,CA,11344,2013-11-23,23447,West
HOUSEHOLD,CA,11345,2013-11-30,23974,West
HOUSEHOLD,CA,11346,2013-12-07,22393,West
HOUSEHOLD,CA,11347,2013-12-14,22477,West
HOUSEHOLD,CA,11348,2013-12-21,20697,West
HOUSEHOLD,CA,11349,2013-12-28,22466,West
HOUSEHOLD,CA,11350,2014-01-04,22387,West
HOUSEHOLD,CA,11351,2014-01-11,22938,West
HOUSEHOLD,CA,11352,2014-01-18,24121,West
HOUSEHOLD,CA,11353,2014-01-25,22793,West
HOUSEHOLD,CA,11401,2014-02-01,24160,West
HOUSEHOLD,CA,11402,2014-02-08,25998,West
HOUSEHOLD,CA,11403,2014-02-15,26553,West
HOUSEHOLD,CA,11404,2014-02-22,24297,West
HOUSEHOLD,CA,11405,2014-03-01,26098,West
HOUSEHOLD,CA,11406,2014-03-08,25021,West
HOUSEHOLD,CA,11407,2014-03-15,25191,West
HOUSEHOLD,CA,11408,2014-03-22,25045,West
HOUSEHOLD,CA,11409,2014-03-29,25766,West
HOUSEHOLD,CA,11410,2014-04-05,25839,West
HOUSEHOLD,CA,11411,2014-04-12,24999,West
HOUSEHOLD,CA,11412,2014-04-19,24565,West
HOUSEHOLD,CA,11413,2014-04-26,25478,West
HOUSEHOLD,CA,11414,2014-05-03,25525,West
HOUSEHOLD,CA,11415,2014-05-10,23267,West
HOUSEHOLD,CA,11416,2014-05-17,24448,West
HOUSEHOLD,CA,11417,2014-05-24,23998,West
HOUSEHOLD,CA,11418,2014-05-31,25721,West
HOUSEHOLD,CA,11419,2014-06-07,24901,West
HOUSEHOLD,CA,11420,2014-06-14,24810,West
HOUSEHOLD,CA,11421,2014-06-21,25742,West
HOUSEHOLD,CA,11422,2014-06-28,26835,West
HOUSEHOLD,CA,11423,2014-07-05,26311,West
HOUSEHOLD,CA,11424,2014-07-12,26195,West
HOUSEHOLD,CA,11425,2014-07-19,26395,West
HOUSEHOLD,CA,11426,2014-07-26,26625,West
HOUSEHOLD,CA,11427,2014-08-02,27219,West
HOUSEHOLD,CA,11428,2014-08-09,26572,West
HOUSEHOLD,CA,11429,2014-08-16,27723,West
HOUSEHOLD,CA,11430,2014-08-23,27258,West
HOUSEHOLD,CA,11431,2014-08-30,27710,West
HOUSEHOLD,CA,11432,2014-09-06,25907,West
HOUSEHOLD,CA,11433,2014-09-13,26151,West
HOUSEHOLD,CA,11434,2014-09-20,26668,West
HOUSEHOLD,CA,11435,2014-09-27,27274,West
HOUSEHOLD,CA,11436,2014-10-04,27538,West
HOUSEHOLD,CA,11437,2014-10-11,26048,West
HOUSEHOLD,CA,11438,2014-10-18,26325,West
HOUSEHOLD,CA,11439,2014-10-25,23605,West
HOUSEHOLD,CA,11440,2014-11-01,27185,West
HOUSEHOLD,CA,11441,2014-11-08,24505,West
HOUSEHOLD,CA,11442,2014-11-15,23852,West
HOUSEHOLD,CA,11443,2014-11-22,24321,West
HOUSEHOLD,CA,11444,2014-11-29,24520,West
HOUSEHOLD,CA,11445,2014-12-06,22742,West
HOUSEHOLD,CA,11446,2014-12-13,22710,West
HOUSEHOLD,CA,11447,2014-12-20,20649,West
HOUSEHOLD,CA,11448,2014-12-27,23843,West
HOUSEHOLD,CA,11449,2015-01-03,21869,West
HOUSEHOLD,CA,11450,2015-01-10,23807,West
HOUSEHOLD,CA,11451,2015-01-17,24837,West
HOUSEHOLD,CA,11452,2015-01-24,24132,West
HOUSEHOLD,CA,11501,2015-01-31,26122,West
HOUSEHOLD,CA,11502,2015-02-07,27812,West
HOUSEHOLD,CA,11503,2015-02-14,25595,West
HOUSEHOLD,CA,11504,2015-02-21,26733,West
HOUSEHOLD,CA,11505,2015-02-28,26608,West
HOUSEHOLD,CA,11506,2015-03-07,28495,West
HOUSEHOLD,CA,11507,2015-03-14,27286,West
HOUSEHOLD,CA,11508,2015-03-21,28055,West
HOUSEHOLD,CA,11509,2015-03-28,28320,West
HOUSEHOLD,CA,11510,2015-04-04,28840,West
HOUSEHOLD,CA,11511,2015-04-11,27196,West
HOUSEHOLD,CA,11512,2015-04-18,28113,West
HOUSEHOLD,CA,11513,2015-04-25,27135,West
HOUSEHOLD,CA,11514,2015-05-02,28368,West
HOUSEHOLD,CA,11515,2015-05-09,26968,West
HOUSEHOLD,CA,11516,2015-05-16,28499,West
HOUSEHOLD,CA,11517,2015-05-23,28744,West
HOUSEHOLD,CA,11518,2015-05-30,30517,West
HOUSEHOLD,CA,11519,2015-06-06,29226,West
HOUSEHOLD,CA,11520,2015-06-13,29102,West
HOUSEHOLD,CA,11521,2015-06-20,28366,West
HOUSEHOLD,CA,11522,2015-06-27,32388,West
HOUSEHOLD,CA,11523,2015-07-04,28681,West
HOUSEHOLD,CA,11524,2015-07-11,31408,West
HOUSEHOLD,CA,11525,2015-07-18,31441,West
HOUSEHOLD,CA,11526,2015-07-25,30679,West
HOUSEHOLD,CA,11527,2015-08-01,33631,West
HOUSEHOLD,CA,11528,2015-08-08,32782,West
HOUSEHOLD,CA,11529,2015-08-15,34026,West
HOUSEHOLD,CA,11530,2015-08-22,31779,West
HOUSEHOLD,CA,11531,2015-08-29,33637,West
HOUSEHOLD,CA,11532,2015-09-05,31147,West
HOUSEHOLD,CA,11533,2015-09-12,31252,West
HOUSEHOLD,CA,11534,2015-09-19,30938,West
HOUSEHOLD,CA,11535,2015-09-26,30637,West
HOUSEHOLD,CA,11536,2015-10-03,32128,West
HOUSEHOLD,CA,11537,2015-10-10,30165,West
HOUSEHOLD,CA,11538,2015-10-17,29865,West
HOUSEHOLD,CA,11539,2015-10-24,29322,West
HOUSEHOLD,CA,11540,2015-10-31,30490,West
HOUSEHOLD,CA,11541,2015-11-07,28435,West
HOUSEHOLD,CA,11542,2015-11-14,27943,West
HOUSEHOLD,CA,11543,2015-11-21,27025,West
HOUSEHOLD,CA,11544,2015-11-28,28412,West
HOUSEHOLD,CA,11545,2015-12-05,27757,West
HOUSEHOLD,CA,11546,2015-12-12,27354,West
HOUSEHOLD,CA,11547,2015-12-19,23731,West
HOUSEHOLD,CA,11548,2015-12-26,27170,West
HOUSEHOLD,CA,11549,2016-01-02,27689,West
HOUSEHOLD,CA,11550,2016-01-09,26872,West
HOUSEHOLD,CA,11551,2016-01-16,27685,West
HOUSEHOLD,CA,11552,2016-01-23,29057,West
HOUSEHOLD,CA,11601,2016-01-30,31048,West
HOUSEHOLD,CA,11602,2016-02-06,28452,West
HOUSEHOLD,CA,11603,2016-02-13,29933,West
HOUSEHOLD,CA,11604,2016-02-20,29453,West
HOUSEHOLD,CA,11605,2016-02-27,31160,West
HOUSEHOLD,CA,11606,2016-03-05,30249,West
HOUSEHOLD,CA,11607,2016-03-12,30218,West
HOUSEHOLD,CA,11608,2016-03-19,28786,West
HOUSEHOLD,CA,11609,2016-03-26,30552,West
HOUSEHOLD,CA,11610,2016-04-02,32339,West
HOUSEHOLD,CA,11611,2016-04-09,31210,West
HOUSEHOLD,CA,11612,2016-04-16,30264,West
HOUSEHOLD,CA,11613,2016-04-23,30599,West
HOUSEHOLD,CA,11614,2016-04-30,32179,West
HOUSEHOLD,CA,11615,2016-05-07,30972,West
HOUSEHOLD,CA,11616,2016-05-14,31728,West
HOUSEHOLD,TX,11101,2011-01-29,8748,South
HOUSEHOLD,TX,11102,2011-02-05,8784,South
HOUSEHOLD,TX,11103,2011-02-12,9980,South
HOUSEHOLD,TX,11104,2011-02-19,10946,South
HOUSEHOLD,TX,11105,2011-02-26,10135,South
HOUSEHOLD,TX,11106,2011-03-05,9505,South
HOUSEHOLD,TX,11107,2011-03-12,9867,South
HOUSEHOLD,TX,11108,2011-03-19,9599,South
HOUSEHOLD,TX,11109,2011-03-26,9341,South
HOUSEHOLD,TX,11110,2011-04-02,9351,South
HOUSEHOLD,TX,11111,2011-04-09,9760,South
HOUSEHOLD,TX,11112,2011-04-16,10240,South
HOUSEHOLD,TX,11113,2011-04-23,9032,South
HOUSEHOLD,TX,11114,2011-04-30,9713,South
HOUSEHOLD,TX,11115,2011-05-07,9050,South
HOUSEHOLD,TX,11116,2011-05-14,9314,South
HOUSEHOLD,TX,11117,2011-05-21,9184,South
HOUSEHOLD,TX,11118,2011-05-28,9669,South
HOUSEHOLD,TX,11119,2011-06-04,9825,South
HOUSEHOLD,TX,11120,2011-06-11,9732,South
HOUSEHOLD,TX,11121,2011-06-18,9453,South
HOUSEHOLD,TX,11122,2011-06-25,9192,South
HOUSEHOLD,TX,11123,2011-07-02,9452,South
HOUSEHOLD,TX,11124,2011-07-09,9806,South
HOUSEHOLD,TX,11125,2011-07-16,9844,South
HOUSEHOLD,TX,11126,2011-07-23,9539,South
HOUSEHOLD,TX,11127,2011-07-30,10427,South
HOUSEHOLD,TX,11128,2011-08-06,10113,South
HOUSEHOLD,TX,11129,2011-08-13,10605,South
HOUSEHOLD,TX,11130,2011-08-20,10273,South
HOUSEHOLD,TX,11131,2011-08-27,10191,South
HOUSEHOLD,TX,11132,2011-09-03,10520,South
HOUSEHOLD,TX,11133,2011-09-10,10806,South
HOUSEHOLD,TX,11134,2011-09-17,10415,South
HOUSEHOLD,TX,11135,2011-09-24,10671,South
HOUSEHOLD,TX,11136,2011-10-01,10930,South
HOUSEHOLD,TX,11137,2011-10-08,10429,South
HOUSEHOLD,TX,11138,2011-10-15,11101,South
HOUSEHOLD,TX,11139,2011-10-22,11044,South
HOUSEHOLD,TX,11140,2011-10-29,10754,South
HOUSEHOLD,TX,11141,2011-11-05,10688,South
HOUSEHOLD,TX,11142,2011-11-12,11092,South
HOUSEHOLD,TX,11143,2011-11-19,11161,South
HOUSEHOLD,TX,11144,2011-11-26,9355,South
HOUSEHOLD,TX,11145,2011-12-03,9973,South
HOUSEHOLD,TX,11146,2011-12-10,9941,South
HOUSEHOLD,TX,11147,2011-12-17,10882,South
HOUSEHOLD,TX,11148,2011-12-24,9353,South
HOUSEHOLD,TX,11149,2011-12-31,10813,South
HOUSEHOLD,TX,11150,2012-01-07,10316,South
HOUSEHOLD,TX,11151,2012-01-14,10308,South
HOUSEHOLD,TX,11152,2012-01-21,11048,South
HOUSEHOLD,TX,11201,2012-01-28,12552,South
HOUSEHOLD,TX,11202,2012-02-04,12592,South
HOUSEHOLD,TX,11203,2012-02-11,11785,South
HOUSEHOLD,TX,11204,2012-02-18,12452,South
HOUSEHOLD,TX,11205,2012-02-25,12835,South
HOUSEHOLD,TX,11206,2012-03-03,12106,South
HOUSEHOLD,TX,11207,2012-03-10,13196,South
HOUSEHOLD,TX,11208,2012-03-17,12606,South
HOUSEHOLD,TX,11209,2012-03-24,12038,South
HOUSEHOLD,TX,11210,2012-03-31,13203,South
HOUSEHOLD,TX,11211,2012-04-07,12319,South
HOUSEHOLD,TX,11212,2012-04-14,12348,South
HOUSEHOLD,TX,11213,2012-04-21,11693,South
HOUSEHOLD,TX,11214,2012-04-28,12567,South
HOUSEHOLD,TX,11215,2012-05-05,11576,South
HOUSEHOLD,TX,11216,2012-05-12,11489,South
HOUSEHOLD,TX,11217,2012-05-19,12037,South
HOUSEHOLD,TX,11218,2012-05-26,13118,South
HOUSEHOLD,TX,11219,2012-06-02,13725,South
HOUSEHOLD,TX,11220,2012-06-09,15143,South
HOUSEHOLD,TX,11221,2012-06-16,15015,South
HOUSEHOLD,TX,11222,2012-06-23,14937,South
HOUSEHOLD,TX,11223,2012-06-30,15417,South
HOUSEHOLD,TX,11224,2012-07-07,14234,South
HOUSEHOLD,TX,11225,2012-07-14,14683,South
HOUSEHOLD,TX,11226,2012-07-21,13291,South
HOUSEHOLD,TX,11227,2012-07-28,14225,South
HOUSEHOLD,TX,11228,2012-08-04,14927,South
HOUSEHOLD,TX,11229,2012-08-11,16904,South
HOUSEHOLD,TX,11230,2012-08-18,16818,South
HOUSEHOLD,TX,11231,2012-08-25,16106,South
HOUSEHOLD,TX,11232,2012-09-01,19487,South
HOUSEHOLD,TX,11233,2012-09-08,19127,South
HOUSEHOLD,TX,11234,2012-09-15,18278,South
HOUSEHOLD,TX,11235,2012-09-22,18338,South
HOUSEHOLD,TX,11236,2012-09-29,17950,South
HOUSEHOLD,TX,11237,2012-10-06,16848,South
HOUSEHOLD,TX,11238,2012-10-13,17647,South
HOUSEHOLD,TX,11239,2012-10-20,16360,South
HOUSEHOLD,TX,11240,2012-10-27,15829,South
HOUSEHOLD,TX,11241,2012-11-03,15991,South
HOUSEHOLD,TX,11242,2012-11-10,14903,South
HOUSEHOLD,TX,11243,2012-11-17,15333,South
HOUSEHOLD,TX,11244,2012-11-24,14058,South
HOUSEHOLD,TX,11245,2012-12-01,16055,South
HOUSEHOLD,TX,11246,2012-12-08,14324,South
HOUSEHOLD,TX,11247,2012-12-15,15353,South
HOUSEHOLD,TX,11248,2012-12-22,15415,South
HOUSEHOLD,TX,11249,2012-12-29,18205,South
HOUSEHOLD,TX,11250,2013-01-05,14860,South
HOUSEHOLD,TX,11251,2013-01-12,14939,South
HOUSEHOLD,TX,11252,2013-01-19,15680,South
HOUSEHOLD,TX,11301,2013-01-26,15399,South
HOUSEHOLD,TX,11302,2013-02-02,17746,South
HOUSEHOLD,TX,11303,2013-02-09,19707,South
HOUSEHOLD,TX,11304,2013-02-16,21248,South
HOUSEHOLD,TX,11305,2013-02-23,19718,South
HOUSEHOLD,TX,11306,2013-03-02,18618,South
HOUSEHOLD,TX,11307,2013-03-09,19604,South
HOUSEHOLD,TX,11308,2013-03-16,17950,South
HOUSEHOLD,TX,11309,2013-03-23,17079,South
HOUSEHOLD,TX,11310,2013-03-30,18662,South
HOUSEHOLD,TX,11311,2013-04-06,18844,South
HOUSEHOLD,TX,11312,2013-04-13,18070,South
HOUSEHOLD,TX,11313,2013-04-20,18424,South
HOUSEHOLD,TX,11314,2013-04-27,17563,South
HOUSEHOLD,TX,11315,2013-05-04,16416,South
HOUSEHOLD,TX,11316,2013-05-11,18096,South
HOUSEHOLD,TX,11317,2013-05-18,18585,South
HOUSEHOLD,TX,11318,2013-05-25,17041,South
HOUSEHOLD,TX,11319,2013-06-01,20051,South
HOUSEHOLD,TX,11320,2013-06-08,17432,South
HOUSEHOLD,TX,11321,2013-06-15,16991,South
HOUSEHOLD,TX,11322,2013-06-22,17376,South
HOUSEHOLD,TX,11323,2013-06-29,17847,South
HOUSEHOLD,TX,11324,2013-07-06,17252,South
HOUSEHOLD,TX,11325,2013-07-13,18231,South
HOUSEHOLD,TX,11326,2013-07-20,17016,South
HOUSEHOLD,TX,11327,2013-07-27,17483,South
HOUSEHOLD,TX,11328,2013-08-03,17494,South
HOUSEHOLD,TX,11329,2013-08-10,17946,South
HOUSEHOLD,TX,11330,2013-08-17,17562,South
HOUSEHOLD,TX,11331,2013-08-24,17323,South
HOUSEHOLD,TX,11332,2013-08-31,17652,South
HOUSEHOLD,TX,11333,2013-09-07,17286,South
HOUSEHOLD,TX,11334,2013-09-14,17476,South
HOUSEHOLD,TX,11335,2013-09-21,17757,South
HOUSEHOLD,TX,11336,2013-09-28,18866,South
HOUSEHOLD,TX,11337,2013-10-05,17265,South
HOUSEHOLD,TX,11338,2013-10-12,17100,South
HOUSEHOLD,TX,11339,2013-10-19,16480,South
HOUSEHOLD,TX,11340,2013-10-26,16475,South
HOUSEHOLD,TX,11341,2013-11-02,16664,South
HOUSEHOLD,TX,11342,2013-11-09,15597,South
HOUSEHOLD,TX,11343,2013-11-16,16077,South
HOUSEHOLD,TX,11344,2013-11-23,15266,South
HOUSEHOLD,TX,11345,2013-11-30,15546,South
HOUSEHOLD,TX,11346,2013-12-07,13840,South
HOUSEHOLD,TX,11347,2013-12-14,15598,South
HOUSEHOLD,TX,11348,2013-12-21,13625,South
HOUSEHOLD,TX,11349,2013-12-28,14487,South
HOUSEHOLD,TX,11350,2014-01-04,14201,South
HOUSEHOLD,TX,11351,2014-01-11,14250,South
HOUSEHOLD,TX,11352,2014-01-18,13388,South
HOUSEHOLD,TX,11353,2014-01-25,13657,South
HOUSEHOLD,TX,11401,2014-02-01,14891,South
HOUSEHOLD,TX,11402,2014-02-08,19570,South
HOUSEHOLD,TX,11403,2014-02-15,20852,South
HOUSEHOLD,TX,11404,2014-02-22,17895,South
HOUSEHOLD,TX,11405,2014-03-01,17529,South
HOUSEHOLD,TX,11406,2014-03-08,18687,South
HOUSEHOLD,TX,11407,2014-03-15,17820,South
HOUSEHOLD,TX,11408,2014-03-22,15771,South
HOUSEHOLD,TX,11409,2014-03-29,17798,South
HOUSEHOLD,TX,11410,2014-04-05,17905,South
HOUSEHOLD,TX,11411,2014-04-12,18734,South
HOUSEHOLD,TX,11412,2014-04-19,15334,South
HOUSEHOLD,TX,11413,2014-04-26,16666,South
HOUSEHOLD,TX,11414,2014-05-03,17059,South
HOUSEHOLD,TX,11415,2014-05-10,15080,South
HOUSEHOLD,TX,11416,2014-05-17,15447,South
HOUSEHOLD,TX,11417,2014-05-24,15318,South
HOUSEHOLD,TX,11418,2014-05-31,17347,South
HOUSEHOLD,TX,11419,2014-06-07,16430,South
HOUSEHOLD,TX,11420,2014-06-14,16254,South
HOUSEHOLD,TX,11421,2014-06-21,16170,South
HOUSEHOLD,TX,11422,2014-06-28,18060,South
HOUSEHOLD,TX,11423,2014-07-05,16352,South
HOUSEHOLD,TX,11424,2014-07-12,16956,South
HOUSEHOLD,TX,11425,2014-07-19,16348,South
HOUSEHOLD,TX,11426,2014-07-26,17222,South
HOUSEHOLD,TX,11427,2014-08-02,17383,South
HOUSEHOLD,TX,11428,2014-08-09,17161,South
HOUSEHOLD,TX,11429,2014-08-16,17973,South
HOUSEHOLD,TX,11430,2014-08-23,17668,South
HOUSEHOLD,TX,11431,2014-08-30,16913,South
HOUSEHOLD,TX,11432,2014-09-06,16801,South
HOUSEHOLD,TX,11433,2014-09-13,16935,South
HOUSEHOLD,TX,11434,2014-09-20,16451,South
HOUSEHOLD,TX,11435,2014-09-27,17839,South
HOUSEHOLD,TX,11436,2014-10-04,17309,South
HOUSEHOLD,TX,11437,2014-10-11,16621,South
HOUSEHOLD,TX,11438,2014-10-18,16590,South
HOUSEHOLD,TX,11439,2014-10-25,15775,South
HOUSEHOLD,TX,11440,2014-11-01,17005,South
HOUSEHOLD,TX,11441,2014-11-08,15795,South
HOUSEHOLD,TX,11442,2014-11-15,15596,South
HOUSEHOLD,TX,11443,2014-11-22,15949,South
HOUSEHOLD,TX,11444,2014-11-29,15736,South
HOUSEHOLD,TX,11445,2014-12-06,15552,South
HOUSEHOLD,TX,11446,2014-12-13,16023,South
HOUSEHOLD,TX,11447,2014-12-20,14644,South
HOUSEHOLD,TX,11448,2014-12-27,15923,South
HOUSEHOLD,TX,11449,2015-01-03,14444,South
HOUSEHOLD,TX,11450,2015-01-10,16294,South
HOUSEHOLD,TX,11451,2015-01-17,16761,South
HOUSEHOLD,TX,11452,2015-01-24,17126,South
HOUSEHOLD,TX,11501,2015-01-31,19315,South
HOUSEHOLD,TX,11502,2015-02-07,20059,South
HOUSEHOLD,TX,11503,2015-02-14,19956,South
HOUSEHOLD,TX,11504,2015-02-21,21182,South
HOUSEHOLD,TX,11505,2015-02-28,20656,South
HOUSEHOLD,TX,11506,2015-03-07,20489,South
HOUSEHOLD,TX,11507,2015-03-14,19713,South
HOUSEHOLD,TX,11508,2015-03-21,18732,South
HOUSEHOLD,TX,11509,2015-03-28,19677,South
HOUSEHOLD,TX,11510,2015-04-04,20084,South
HOUSEHOLD,TX,11511,2015-04-11,20162,South
HOUSEHOLD,TX,11512,2015-04-18,19579,South
HOUSEHOLD,TX,11513,2015-04-25,18977,South
HOUSEHOLD,TX,11514,2015-05-02,19743,South
HOUSEHOLD,TX,11515,2015-05-09,19580,South
HOUSEHOLD,TX,11516,2015-05-16,21046,South
HOUSEHOLD,TX,11517,2015-05-23,19464,South
HOUSEHOLD,TX,11518,2015-05-30,20398,South
HOUSEHOLD,TX,11519,2015-06-06,19673,South
HOUSEHOLD,TX,11520,2015-06-13,19189,South
HOUSEHOLD,TX,11521,2015-06-20,19524,South
HOUSEHOLD,TX,11522,2015-06-27,21553,South
HOUSEHOLD,TX,11523,2015-07-04,18741,South
HOUSEHOLD,TX,11524,2015-07-11,19937,South
HOUSEHOLD,TX,11525,2015-07-18,20561,South
HOUSEHOLD,TX,11526,2015-07-25,19947,South
HOUSEHOLD,TX,11527,2015-08-01,21176,South
HOUSEHOLD,TX,11528,2015-08-08,20524,South
HOUSEHOLD,TX,11529,2015-08-15,20483,South
HOUSEHOLD,TX,11530,2015-08-22,20200,South
HOUSEHOLD,TX,11531,2015-08-29,21068,South
HOUSEHOLD,TX,11532,2015-09-05,19655,South
HOUSEHOLD,TX,11533,2015-09-12,19916,South
HOUSEHOLD,TX,11534,2015-09-19,20180,South
HOUSEHOLD,TX,11535,2015-09-26,20195,South
HOUSEHOLD,TX,11536,2015-10-03,20608,South
HOUSEHOLD,TX,11537,2015-10-10,19533,South
HOUSEHOLD,TX,11538,2015-10-17,19473,South
HOUSEHOLD,TX,11539,2015-10-24,19006,South
HOUSEHOLD,TX,11540,2015-10-31,20487,South
HOUSEHOLD,TX,11541,2015-11-07,19189,South
HOUSEHOLD,TX,11542,2015-11-14,19171,South
HOUSEHOLD,TX,11543,2015-11-21,18601,South
HOUSEHOLD,TX,11544,2015-11-28,18520,South
HOUSEHOLD,TX,11545,2015-12-05,19098,South
HOUSEHOLD,TX,11546,2015-12-12,19440,South
HOUSEHOLD,TX,11547,2015-12-19,17594,South
HOUSEHOLD,TX,11548,2015-12-26,20933,South
HOUSEHOLD,TX,11549,2016-01-02,19533,South
HOUSEHOLD,TX,11550,2016-01-09,18774,South
HOUSEHOLD,TX,11551,2016-01-16,19427,South
HOUSEHOLD,TX,11552,2016-01-23,19325,South
HOUSEHOLD,TX,11601,2016-01-30,20166,South
HOUSEHOLD,TX,11602,2016-02-06,21418,South
HOUSEHOLD,TX,11603,2016-02-13,21446,South
HOUSEHOLD,TX,11604,2016-02-20,21966,South
HOUSEHOLD,TX,11605,2016-02-27,21634,South
HOUSEHOLD,TX,11606,2016-03-05,21010,South
HOUSEHOLD,TX,11607,2016-03-12,21483,South
HOUSEHOLD,TX,11608,2016-03-19,20559,South
HOUSEHOLD,TX,11609,2016-03-26,19602,South
HOUSEHOLD,TX,11610,2016-04-02,20865,South
HOUSEHOLD,TX,11611,2016-04-09,19720,South
HOUSEHOLD,TX,11612,2016-04-16,19609,South
HOUSEHOLD,TX,11613,2016-04-23,19587,South
HOUSEHOLD,TX,11614,2016-04-30,20558,South
HOUSEHOLD,TX,11615,2016-05-07,19279,South
HOUSEHOLD,TX,11616,2016-05-14,21766,South
HOUSEHOLD,WI,11101,2011-01-29,8321,Midwest
HOUSEHOLD,WI,11102,2011-02-05,8453,Midwest
HOUSEHOLD,WI,11103,2011-02-12,9246,Midwest
HOUSEHOLD,WI,11104,2011-02-19,8431,Midwest
HOUSEHOLD,WI,11105,2011-02-26,9740,Midwest
HOUSEHOLD,WI,11106,2011-03-05,8952,Midwest
HOUSEHOLD,WI,11107,2011-03-12,9218,Midwest
HOUSEHOLD,WI,11108,2011-03-19,8521,Midwest
HOUSEHOLD,WI,11109,2011-03-26,8984,Midwest
HOUSEHOLD,WI,11110,2011-04-02,8633,Midwest
HOUSEHOLD,WI,11111,2011-04-09,7783,Midwest
HOUSEHOLD,WI,11112,2011-04-16,8113,Midwest
HOUSEHOLD,WI,11113,2011-04-23,7998,Midwest
HOUSEHOLD,WI,11114,2011-04-30,8988,Midwest
HOUSEHOLD,WI,11115,2011-05-07,7871,Midwest
HOUSEHOLD,WI,11116,2011-05-14,7996,Midwest
HOUSEHOLD,WI,11117,2011-05-21,7784,Midwest
HOUSEHOLD,WI,11118,2011-05-28,8684,Midwest
HOUSEHOLD,WI,11119,2011-06-04,8600,Midwest
HOUSEHOLD,WI,11120,2011-06-11,8734,Midwest
HOUSEHOLD,WI,11121,2011-06-18,8562,Midwest
HOUSEHOLD,WI,11122,2011-06-25,8692,Midwest
HOUSEHOLD,WI,11123,2011-07-02,8470,Midwest
HOUSEHOLD,WI,11124,2011-07-09,8714,Midwest
HOUSEHOLD,WI,11125,2011-07-16,7866,Midwest
HOUSEHOLD,WI,11126,2011-07-23,8377,Midwest
HOUSEHOLD,WI,11127,2011-07-30,9489,Midwest
HOUSEHOLD,WI,11128,2011-08-06,8624,Midwest
HOUSEHOLD,WI,11129,2011-08-13,8723,Midwest
HOUSEHOLD,WI,11130,2011-08-20,8681,Midwest
HOUSEHOLD,WI,11131,2011-08-27,9777,Midwest
HOUSEHOLD,WI,11132,2011-09-03,9061,Midwest
HOUSEHOLD,WI,11133,2011-09-10,9624,Midwest
HOUSEHOLD,WI,11134,2011-09-17,8794,Midwest
HOUSEHOLD,WI,11135,2011-09-24,9360,Midwest
HOUSEHOLD,WI,11136,2011-10-01,9649,Midwest
HOUSEHOLD,WI,11137,2011-10-08,9254,Midwest
HOUSEHOLD,WI,11138,2011-10-15,9057,Midwest
HOUSEHOLD,WI,11139,2011-10-22,8768,Midwest
HOUSEHOLD,WI,11140,2011-10-29,9762,Midwest
HOUSEHOLD,WI,11141,2011-11-05,8813,Midwest
HOUSEHOLD,WI,11142,2011-11-12,8750,Midwest
HOUSEHOLD,WI,11143,2011-11-19,7832,Midwest
HOUSEHOLD,WI,11144,2011-11-26,8602,Midwest
HOUSEHOLD,WI,11145,2011-12-03,8679,Midwest
HOUSEHOLD,WI,11146,2011-12-10,7856,Midwest
HOUSEHOLD,WI,11147,2011-12-17,8153,Midwest
HOUSEHOLD,WI,11148,2011-12-24,7481,Midwest
HOUSEHOLD,WI,11149,2011-12-31,9215,Midwest
HOUSEHOLD,WI,11150,2012-01-07,8180,Midwest
HOUSEHOLD,WI,11151,2012-01-14,8400,Midwest
HOUSEHOLD,WI,11152,2012-01-21,8842,Midwest
HOUSEHOLD,WI,11201,2012-01-28,10491,Midwest
HOUSEHOLD,WI,11202,2012-02-04,10172,Midwest
HOUSEHOLD,WI,11203,2012-02-11,10512,Midwest
HOUSEHOLD,WI,11204,2012-02-18,9933,Midwest
HOUSEHOLD,WI,11205,2012-02-25,10449,Midwest
HOUSEHOLD,WI,11206,2012-03-03,11064,Midwest
HOUSEHOLD,WI,11207,2012-03-10,10279,Midwest
HOUSEHOLD,WI,11208,2012-03-17,9959,Midwest
HOUSEHOLD,WI,11209,2012-03-24,9724,Midwest
HOUSEHOLD,WI,11210,2012-03-31,10195,Midwest
HOUSEHOLD,WI,11211,2012-04-07,9617,Midwest
HOUSEHOLD,WI,11212,2012-04-14,9124,Midwest
HOUSEHOLD,WI,11213,2012-04-21,8959,Midwest
HOUSEHOLD,WI,11214,2012-04-28,10335,Midwest
HOUSEHOLD,WI,11215,2012-05-05,8786,Midwest
HOUSEHOLD,WI,11216,2012-05-12,8810,Midwest
HOUSEHOLD,WI,11217,2012-05-19,9398,Midwest
HOUSEHOLD,WI,11218,2012-05-26,11360,Midwest
HOUSEHOLD,WI,11219,2012-06-02,10802,Midwest
HOUSEHOLD,WI,11220,2012-06-09,12889,Midwest
HOUSEHOLD,WI,11221,2012-06-16,12985,Midwest
HOUSEHOLD,WI,11222,2012-06-23,13627,Midwest
HOUSEHOLD,WI,11223,2012-06-30,14294,Midwest
HOUSEHOLD,WI,11224,2012-07-07,12560,Midwest
HOUSEHOLD,WI,11225,2012-07-14,12462,Midwest
HOUSEHOLD,WI,11226,2012-07-21,11941,Midwest
HOUSEHOLD,WI,11227,2012-07-28,14178,Midwest
HOUSEHOLD,WI,11228,2012-08-04,13975,Midwest
HOUSEHOLD,WI,11229,2012-08-11,14355,Midwest
HOUSEHOLD,WI,11230,2012-08-18,13385,Midwest
HOUSEHOLD,WI,11231,2012-08-25,15330,Midwest
HOUSEHOLD,WI,11232,2012-09-01,15774,Midwest
HOUSEHOLD,WI,11233,2012-09-08,15034,Midwest
HOUSEHOLD,WI,11234,2012-09-15,15232,Midwest
HOUSEHOLD,WI,11235,2012-09-22,15292,Midwest
HOUSEHOLD,WI,11236,2012-09-29,15796,Midwest
HOUSEHOLD,WI,11237,2012-10-06,13387,Midwest
HOUSEHOLD,WI,11238,2012-10-13,13011,Midwest
HOUSEHOLD,WI,11239,2012-10-20,11272,Midwest
HOUSEHOLD,WI,11240,2012-10-27,15167,Midwest
HOUSEHOLD,WI,11241,2012-11-03,14953,Midwest
HOUSEHOLD,WI,11242,2012-11-10,13718,Midwest
HOUSEHOLD,WI,11243,2012-11-17,12360,Midwest
HOUSEHOLD,WI,11244,2012-11-24,13625,Midwest
HOUSEHOLD,WI,11245,2012-12-01,15230,Midwest
HOUSEHOLD,WI,11246,2012-12-08,12569,Midwest
HOUSEHOLD,WI,11247,2012-12-15,12713,Midwest
HOUSEHOLD,WI,11248,2012-12-22,11333,Midwest
HOUSEHOLD,WI,11249,2012-12-29,15007,Midwest
HOUSEHOLD,WI,11250,2013-01-05,13304,Midwest
HOUSEHOLD,WI,11251,2013-01-12,12610,Midwest
HOUSEHOLD,WI,11252,2013-01-19,12197,Midwest
HOUSEHOLD,WI,11301,2013-01-26,13597,Midwest
HOUSEHOLD,WI,11302,2013-02-02,14285,Midwest
HOUSEHOLD,WI,11303,2013-02-09,17839,Midwest
HOUSEHOLD,WI,11304,2013-02-16,16659,Midwest
HOUSEHOLD,WI,11305,2013-02-23,16363,Midwest
HOUSEHOLD,WI,11306,2013-03-02,16580,Midwest
HOUSEHOLD,WI,11307,2013-03-09,14862,Midwest
HOUSEHOLD,WI,11308,2013-03-16,14527,Midwest
HOUSEHOLD,WI,11309,2013-03-23,14863,Midwest
HOUSEHOLD,WI,11310,2013-03-30,16883,Midwest
HOUSEHOLD,WI,11311,2013-04-06,14396,Midwest
HOUSEHOLD,WI,11312,2013-04-13,13645,Midwest
HOUSEHOLD,WI,11313,2013-04-20,12636,Midwest
HOUSEHOLD,WI,11314,2013-04-27,14276,Midwest
HOUSEHOLD,WI,11315,2013-05-04,12801,Midwest
HOUSEHOLD,WI,11316,2013-05-11,12977,Midwest
HOUSEHOLD,WI,11317,2013-05-18,13197,Midwest
HOUSEHOLD,WI,11318,2013-05-25,13775,Midwest
HOUSEHOLD,WI,11319,2013-06-01,15429,Midwest
HOUSEHOLD,WI,11320,2013-06-08,12599,Midwest
HOUSEHOLD,WI,11321,2013-06-15,12290,Midwest
HOUSEHOLD,WI,11322,2013-06-22,12493,Midwest
HOUSEHOLD,WI,11323,2013-06-29,14739,Midwest
HOUSEHOLD,WI,11324,2013-07-06,14160,Midwest
HOUSEHOLD,WI,11325,2013-07-13,13651,Midwest
HOUSEHOLD,WI,11326,2013-07-20,12519,Midwest
HOUSEHOLD,WI,11327,2013-07-27,14680,Midwest
HOUSEHOLD,WI,11328,2013-08-03,14260,Midwest
HOUSEHOLD,WI,11329,2013-08-10,13960,Midwest
HOUSEHOLD,WI,11330,2013-08-17,14015,Midwest
HOUSEHOLD,WI,11331,2013-08-24,15061,Midwest
HOUSEHOLD,WI,11332,2013-08-31,15157,Midwest
HOUSEHOLD,WI,11333,2013-09-07,14192,Midwest
HOUSEHOLD,WI,11334,2013-09-14,14150,Midwest
HOUSEHOLD,WI,11335,2013-09-21,13967,Midwest
HOUSEHOLD,WI,11336,2013-09-28,16574,Midwest
HOUSEHOLD,WI,11337,2013-10-05,14534,Midwest
HOUSEHOLD,WI,11338,2013-10-12,13197,Midwest
HOUSEHOLD,WI,11339,2013-10-19,12610,Midwest
HOUSEHOLD,WI,11340,2013-10-26,13606,Midwest
HOUSEHOLD,WI,11341,2013-11-02,13211,Midwest
HOUSEHOLD,WI,11342,2013-11-09,12201,Midwest
HOUSEHOLD,WI,11343,2013-11-16,12493,Midwest
HOUSEHOLD,WI,11344,2013-11-23,12104,Midwest
HOUSEHOLD,WI,11345,2013-11-30,13675,Midwest
HOUSEHOLD,WI,11346,2013-12-07,11208,Midwest
HOUSEHOLD,WI,11347,2013-12-14,11353,Midwest
HOUSEHOLD,WI,11348,2013-12-21,10450,Midwest
HOUSEHOLD,WI,11349,2013-12-28,12292,Midwest
HOUSEHOLD,WI,11350,2014-01-04,11600,Midwest
HOUSEHOLD,WI,11351,2014-01-11,12958,Midwest
HOUSEHOLD,WI,11352,2014-01-18,12402,Midwest
HOUSEHOLD,WI,11353,2014-01-25,12415,Midwest
HOUSEHOLD,WI,11401,2014-02-01,14070,Midwest
HOUSEHOLD,WI,11402,2014-02-08,15107,Midwest
HOUSEHOLD,WI,11403,2014-02-15,15769,Midwest
HOUSEHOLD,WI,11404,2014-02-22,17266,Midwest
HOUSEHOLD,WI,11405,2014-03-01,16617,Midwest
HOUSEHOLD,WI,11406,2014-03-08,14986,Midwest
HOUSEHOLD,WI,11407,2014-03-15,13753,Midwest
HOUSEHOLD,WI,11408,2014-03-22,13530,Midwest
HOUSEHOLD,WI,11409,2014-03-29,15410,Midwest
HOUSEHOLD,WI,11410,2014-04-05,13716,Midwest
HOUSEHOLD,WI,11411,2014-04-12,14821,Midwest
HOUSEHOLD,WI,11412,2014-04-19,12164,Midwest
HOUSEHOLD,WI,11413,2014-04-26,14543,Midwest
HOUSEHOLD,WI,11414,2014-05-03,13529,Midwest
HOUSEHOLD,WI,11415,2014-05-10,12608,Midwest
HOUSEHOLD,WI,11416,2014-05-17,12180,Midwest
HOUSEHOLD,WI,11417,2014-05-24,12453,Midwest
HOUSEHOLD,WI,11418,2014-05-31,15395,Midwest
HOUSEHOLD,WI,11419,2014-06-07,12760,Midwest
HOUSEHOLD,WI,11420,2014-06-14,12780,Midwest
HOUSEHOLD,WI,11421,2014-06-21,12893,Midwest
HOUSEHOLD,WI,11422,2014-06-28,15135,Midwest
HOUSEHOLD,WI,11423,2014-07-05,13769,Midwest
HOUSEHOLD,WI,11424,2014-07-12,13918,Midwest
HOUSEHOLD,WI,11425,2014-07-19,13428,Midwest
HOUSEHOLD,WI,11426,2014-07-26,15199,Midwest
HOUSEHOLD,WI,11427,2014-08-02,15159,Midwest
HOUSEHOLD,WI,11428,2014-08-09,14956,Midwest
HOUSEHOLD,WI,11429,2014-08-16,15401,Midwest
HOUSEHOLD,WI,11430,2014-08-23,16547,Midwest
HOUSEHOLD,WI,11431,2014-08-30,17058,Midwest
HOUSEHOLD,WI,11432,2014-09-06,14363,Midwest
HOUSEHOLD,WI,11433,2014-09-13,14527,Midwest
HOUSEHOLD,WI,11434,2014-09-20,13394,Midwest
HOUSEHOLD,WI,11435,2014-09-27,16438,Midwest
HOUSEHOLD,WI,11436,2014-10-04,14816,Midwest
HOUSEHOLD,WI,11437,2014-10-11,13790,Midwest
HOUSEHOLD,WI,11438,2014-10-18,13605,Midwest
HOUSEHOLD,WI,11439,2014-10-25,13627,Midwest
HOUSEHOLD,WI,11440,2014-11-01,15835,Midwest
HOUSEHOLD,WI,11441,2014-11-08,13366,Midwest
HOUSEHOLD,WI,11442,2014-11-15,13119,Midwest
HOUSEHOLD,WI,11443,2014-11-22,12557,Midwest
HOUSEHOLD,WI,11444,2014-11-29,15373,Midwest
HOUSEHOLD,WI,11445,2014-12-06,12156,Midwest
HOUSEHOLD,WI,11446,2014-12-13,12171,Midwest
HOUSEHOLD,WI,11447,2014-12-20,11511,Midwest
HOUSEHOLD,WI,11448,2014-12-27,14803,Midwest
HOUSEHOLD,WI,11449,2015-01-03,10863,Midwest
HOUSEHOLD,WI,11450,2015-01-10,14717,Midwest
HOUSEHOLD,WI,11451,2015-01-17,13823,Midwest
HOUSEHOLD,WI,11452,2015-01-24,16149,Midwest
HOUSEHOLD,WI,11501,2015-01-31,18048,Midwest
HOUSEHOLD,WI,11502,2015-02-07,17477,Midwest
HOUSEHOLD,WI,11503,2015-02-14,15696,Midwest
HOUSEHOLD,WI,11504,2015-02-21,19013,Midwest
HOUSEHOLD,WI,11505,2015-02-28,16619,Midwest
HOUSEHOLD,WI,11506,2015-03-07,17540,Midwest
HOUSEHOLD,WI,11507,2015-03-14,16568,Midwest
HOUSEHOLD,WI,11508,2015-03-21,15638,Midwest
HOUSEHOLD,WI,11509,2015-03-28,17506,Midwest
HOUSEHOLD,WI,11510,2015-04-04,15918,Midwest
HOUSEHOLD,WI,11511,2015-04-11,16853,Midwest
HOUSEHOLD,WI,11512,2015-04-18,15825,Midwest
HOUSEHOLD,WI,11513,2015-04-25,15930,Midwest
HOUSEHOLD,WI,11514,2015-05-02,16639,Midwest
HOUSEHOLD,WI,11515,2015-05-09,15927,Midwest
HOUSEHOLD,WI,11516,2015-05-16,16545,Midwest
HOUSEHOLD,WI,11517,2015-05-23,15866,Midwest
HOUSEHOLD,WI,11518,2015-05-30,19833,Midwest
HOUSEHOLD,WI,11519,2015-06-06,16150,Midwest
HOUSEHOLD,WI,11520,2015-06-13,16755,Midwest
HOUSEHOLD,WI,11521,2015-06-20,15534,Midwest
HOUSEHOLD,WI,11522,2015-06-27,19380,Midwest
HOUSEHOLD,WI,11523,2015-07-04,15753,Midwest
HOUSEHOLD,WI,11524,2015-07-11,17520,Midwest
HOUSEHOLD,WI,11525,2015-07-18,17292,Midwest
HOUSEHOLD,WI,11526,2015-07-25,17939,Midwest
HOUSEHOLD,WI,11527,2015-08-01,19662,Midwest
HOUSEHOLD,WI,11528,2015-08-08,17097,Midwest
HOUSEHOLD,WI,11529,2015-08-15,17087,Midwest
HOUSEHOLD,WI,11530,2015-08-22,17985,Midwest
HOUSEHOLD,WI,11531,2015-08-29,20573,Midwest
HOUSEHOLD,WI,11532,2015-09-05,17785,Midwest
HOUSEHOLD,WI,11533,2015-09-12,17016,Midwest
HOUSEHOLD,WI,11534,2015-09-19,17209,Midwest
HOUSEHOLD,WI,11535,2015-09-26,19013,Midwest
HOUSEHOLD,WI,11536,2015-10-03,18522,Midwest
HOUSEHOLD,WI,11537,2015-10-10,16985,Midwest
HOUSEHOLD,WI,11538,2015-10-17,15623,Midwest
HOUSEHOLD,WI,11539,2015-10-24,17084,Midwest
HOUSEHOLD,WI,11540,2015-10-31,18307,Midwest
HOUSEHOLD,WI,11541,2015-11-07,16521,Midwest
HOUSEHOLD,WI,11542,2015-11-14,17067,Midwest
HOUSEHOLD,WI,11543,2015-11-21,15229,Midwest
HOUSEHOLD,WI,11544,2015-11-28,18189,Midwest
HOUSEHOLD,WI,11545,2015-12-05,16429,Midwest
HOUSEHOLD,WI,11546,2015-12-12,16050,Midwest
HOUSEHOLD,WI,11547,2015-12-19,14927,Midwest
HOUSEHOLD,WI,11548,2015-12-26,16995,Midwest
HOUSEHOLD,WI,11549,2016-01-02,17518,Midwest
HOUSEHOLD,WI,11550,2016-01-09,16182,Midwest
HOUSEHOLD,WI,11551,2016-01-16,16123,Midwest
HOUSEHOLD,WI,11552,2016-01-23,17636,Midwest
HOUSEHOLD,WI,11601,2016-01-30,21346,Midwest
HOUSEHOLD,WI,11602,2016-02-06,20075,Midwest
HOUSEHOLD,WI,11603,2016-02-13,20363,Midwest
HOUSEHOLD,WI,11604,2016-02-20,20313,Midwest
HOUSEHOLD,WI,11605,2016-02-27,21719,Midwest
HOUSEHOLD,WI,11606,2016-03-05,19332,Midwest
HOUSEHOLD,WI,11607,2016-03-12,18238,Midwest
HOUSEHOLD,WI,11608,2016-03-19,17718,Midwest
HOUSEHOLD,WI,11609,2016-03-26,19261,Midwest
HOUSEHOLD,WI,11610,2016-04-02,20145,Midwest
HOUSEHOLD,WI,11611,2016-04-09,18459,Midwest
HOUSEHOLD,WI,11612,2016-04-16,17921,Midwest
HOUSEHOLD,WI,11613,2016-04-23,18962,Midwest
HOUSEHOLD,WI,11614,2016-04-30,19868,Midwest
HOUSEHOLD,WI,11615,2016-05-07,17882,Midwest
HOUSEHOLD,WI,11616,2016-05-14,19069,Midwest
