region,week_start,model,forecast,lower_80,upper_80
Midwest,2016-05-21,Prophet,87910.59035738208,82601.89489746062,107811.23409093956
Midwest,2016-05-28,Prophet,89131.83684570518,83749.3934373096,109308.93863939142
Midwest,2016-06-04,Prophet,90689.72596452011,85213.20562115581,111219.49284899785
Midwest,2016-06-11,Prophet,92223.82174494807,86654.66128539828,113100.86753467875
Midwest,2016-06-18,Prophet,93363.58724519129,87725.59926540851,114498.64594403713
Midwest,2016-06-25,Prophet,93868.34095410364,88199.87219024253,115117.66260686005
Midwest,2016-07-02,Prophet,93715.50822365847,88056.26863706649,114930.2325690023
Midwest,2016-07-09,Prophet,93102.5301000649,87480.3066928493,114178.49233262449
Midwest,2016-07-16,Prophet,92365.22461515997,86787.52519833481,113274.28029279549
Midwest,2016-07-23,Prophet,91849.57261429827,86303.01210149759,112641.8982515834
Midwest,2016-07-30,Prophet,91790.1908607771,86247.21626002682,112569.07403207157
Midwest,2016-08-06,Prophet,92241.42136368324,86671.19810822119,113122.45124385024
South,2016-05-21,Prophet,79566.12983263866,74150.71394637688,86232.75735979632
South,2016-05-28,Prophet,81053.105798866,75536.48361682316,87844.32295894316
South,2016-06-04,Prophet,82389.43291769248,76781.85787513276,89292.61725745267
South,2016-06-11,Prophet,83209.31611605997,77545.9383279519,90181.19621758196
South,2016-06-18,Prophet,83372.62288579812,77698.13014114968,90358.18601311007
South,2016-06-25,Prophet,83022.27083700238,77371.6236916664,89978.47892822535
South,2016-07-02,Prophet,82507.13753462712,76891.55130120296,89420.18402101907
South,2016-07-09,Prophet,82209.05044331543,76613.75256089155,89097.12103088447
South,2016-07-16,Prophet,82359.21514376484,76753.69677800113,89259.86761922676
South,2016-07-23,Prophet,82933.65450175846,77289.0387457922,89882.43767359505
South,2016-07-30,Prophet,83676.96172874593,77981.7551274807,90688.02457198282
South,2016-08-06,Prophet,84239.27054830779,78505.79218340588,91297.44770341506
West,2016-05-21,ARIMA+Fourier,130050.00701200492,127086.27197339748,141191.4964976212
West,2016-05-28,ARIMA+Fourier,131081.88503374014,128094.6343251312,142311.7763456519
West,2016-06-04,ARIMA+Fourier,132518.6044255481,129498.61203779606,143871.58065198918
West,2016-06-11,ARIMA+Fourier,134003.4605311341,130949.62946725641,145483.64558338103
West,2016-06-18,ARIMA+Fourier,135352.3543294382,132267.7830610404,146948.10020645027
West,2016-06-25,ARIMA+Fourier,136426.02193171158,133316.98264239024,148113.74978224764
West,2016-07-02,ARIMA+Fourier,137133.98138106888,134008.8082654281,148882.3606913202
West,2016-07-09,ARIMA+Fourier,137449.6063783636,134317.24042294497,149225.02553789713
West,2016-07-16,ARIMA+Fourier,137414.28568411723,134282.72465890608,149186.67889115287
West,2016-07-23,ARIMA+Fourier,137126.42433941131,134001.4234426705,148874.15623178004
West,2016-07-30,ARIMA+Fourier,136717.6283808039,133601.94361509607,148430.33839213446
West,2016-08-06,ARIMA+Fourier,136322.09937878762,133215.42840084495,148000.92410000195
