region,week_start,units
Midwest,2011-01-29,52918
Midwest,2011-02-05,53791
Midwest,2011-02-12,51371
Midwest,2011-02-19,42099
Midwest,2011-02-26,46331
Midwest,2011-03-05,47803
Midwest,2011-03-12,48596
Midwest,2011-03-19,41203
Midwest,2011-03-26,42573
Midwest,2011-04-02,47573
Midwest,2011-04-09,46727
Midwest,2011-04-16,40218
Midwest,2011-04-23,36587
Midwest,2011-04-30,43236
Midwest,2011-05-07,41889
Midwest,2011-05-14,40405
Midwest,2011-05-21,37349
Midwest,2011-05-28,39646
Midwest,2011-06-04,48816
Midwest,2011-06-11,45598
Midwest,2011-06-18,40144
Midwest,2011-06-25,39491
Midwest,2011-07-02,45662
Midwest,2011-07-09,49141
Midwest,2011-07-16,45178
Midwest,2011-07-23,39797
Midwest,2011-07-30,46442
Midwest,2011-08-06,47097
Midwest,2011-08-13,45452
Midwest,2011-08-20,40975
Midwest,2011-08-27,44520
Midwest,2011-09-03,47093
Midwest,2011-09-10,49252
Midwest,2011-09-17,41673
Midwest,2011-09-24,43068
Midwest,2011-10-01,52223
Midwest,2011-10-08,53192
Midwest,2011-10-15,47224
Midwest,2011-10-22,43463
Midwest,2011-10-29,47621
Midwest,2011-11-05,51627
Midwest,2011-11-12,50676
Midwest,2011-11-19,43136
Midwest,2011-11-26,44421
Midwest,2011-12-03,54719
Midwest,2011-12-10,54133
Midwest,2011-12-17,50860
Midwest,2011-12-24,39720
Midwest,2011-12-31,52356
Midwest,2012-01-07,54066
Midwest,2012-01-14,51997
Midwest,2012-01-21,47291
Midwest,2012-01-28,53198
Midwest,2012-02-04,58518
Midwest,2012-02-11,56237
Midwest,2012-02-18,48772
Midwest,2012-02-25,51782
Midwest,2012-03-03,60417
Midwest,2012-03-10,55680
Midwest,2012-03-17,49673
Midwest,2012-03-24,46999
Midwest,2012-03-31,57779
Midwest,2012-04-07,54420
Midwest,2012-04-14,48105
Midwest,2012-04-21,44981
Midwest,2012-04-28,54393
Midwest,2012-05-05,57582
Midwest,2012-05-12,57854
Midwest,2012-05-19,53974
Midwest,2012-05-26,55282
Midwest,2012-06-02,70864
Midwest,2012-06-09,75437
Midwest,2012-06-16,65314
Midwest,2012-06-23,61447
Midwest,2012-06-30,77407
Midwest,2012-07-07,71710
Midwest,2012-07-14,67131
Midwest,2012-07-21,57508
Midwest,2012-07-28,62892
Midwest,2012-08-04,68229
Midwest,2012-08-11,69966
Midwest,2012-08-18,57769
Midwest,2012-08-25,59466
Midwest,2012-09-01,71054
Midwest,2012-09-08,70321
Midwest,2012-09-15,65079
Midwest,2012-09-22,57082
Midwest,2012-09-29,66186
Midwest,2012-10-06,67893
Midwest,2012-10-13,60406
Midwest,2012-10-20,49518
Midwest,2012-10-27,65478
Midwest,2012-11-03,77065
Midwest,2012-11-10,75571
Midwest,2012-11-17,60457
Midwest,2012-11-24,56798
Midwest,2012-12-01,75521
Midwest,2012-12-08,74220
Midwest,2012-12-15,71640
Midwest,2012-12-22,58178
Midwest,2012-12-29,70734
Midwest,2013-01-05,78417
Midwest,2013-01-12,74445
Midwest,2013-01-19,61411
Midwest,2013-01-26,62306
Midwest,2013-02-02,77407
Midwest,2013-02-09,88518
Midwest,2013-02-16,72362
Midwest,2013-02-23,69759
Midwest,2013-03-02,81017
Midwest,2013-03-09,80398
Midwest,2013-03-16,68602
Midwest,2013-03-23,66376
Midwest,2013-03-30,75264
Midwest,2013-04-06,75950
Midwest,2013-04-13,67391
Midwest,2013-04-20,54748
Midwest,2013-04-27,59740
Midwest,2013-05-04,68478
Midwest,2013-05-11,69399
Midwest,2013-05-18,59839
Midwest,2013-05-25,57421
Midwest,2013-06-01,73140
Midwest,2013-06-08,72386
Midwest,2013-06-15,64663
Midwest,2013-06-22,60406
Midwest,2013-06-29,71685
Midwest,2013-07-06,75601
Midwest,2013-07-13,73972
Midwest,2013-07-20,59089
Midwest,2013-07-27,61618
Midwest,2013-08-03,73329
Midwest,2013-08-10,75343
Midwest,2013-08-17,63625
Midwest,2013-08-24,68535
Midwest,2013-08-31,75610
Midwest,2013-09-07,78562
Midwest,2013-09-14,72049
Midwest,2013-09-21,63890
Midwest,2013-09-28,72986
Midwest,2013-10-05,76585
Midwest,2013-10-12,73644
Midwest,2013-10-19,62067
Midwest,2013-10-26,62579
Midwest,2013-11-02,75349
Midwest,2013-11-09,73422
Midwest,2013-11-16,65743
Midwest,2013-11-23,59748
Midwest,2013-11-30,74463
Midwest,2013-12-07,72637
Midwest,2013-12-14,69046
Midwest,2013-12-21,56809
Midwest,2013-12-28,64249
Midwest,2014-01-04,73853
Midwest,2014-01-11,77884
Midwest,2014-01-18,63286
Midwest,2014-01-25,61956
Midwest,2014-02-01,76321
Midwest,2014-02-08,79740
Midwest,2014-02-15,72212
Midwest,2014-02-22,69044
Midwest,2014-03-01,76763
Midwest,2014-03-08,79946
Midwest,2014-03-15,66589
Midwest,2014-03-22,63286
Midwest,2014-03-29,71282
Midwest,2014-04-05,77109
Midwest,2014-04-12,77176
Midwest,2014-04-19,61049
Midwest,2014-04-26,65339
Midwest,2014-05-03,72013
Midwest,2014-05-10,72603
Midwest,2014-05-17,63439
Midwest,2014-05-24,58619
Midwest,2014-05-31,75467
Midwest,2014-06-07,75014
Midwest,2014-06-14,70770
Midwest,2014-06-21,61790
Midwest,2014-06-28,73702
Midwest,2014-07-05,76097
Midwest,2014-07-12,75045
Midwest,2014-07-19,63367
Midwest,2014-07-26,64178
Midwest,2014-08-02,77014
Midwest,2014-08-09,77492
Midwest,2014-08-16,69255
Midwest,2014-08-23,68080
Midwest,2014-08-30,77260
Midwest,2014-09-06,76384
Midwest,2014-09-13,70051
Midwest,2014-09-20,61852
Midwest,2014-09-27,71440
Midwest,2014-10-04,77069
Midwest,2014-10-11,76719
Midwest,2014-10-18,65149
Midwest,2014-10-25,62848
Midwest,2014-11-01,76722
Midwest,2014-11-08,75801
Midwest,2014-11-15,68880
Midwest,2014-11-22,60682
Midwest,2014-11-29,70556
Midwest,2014-12-06,72168
Midwest,2014-12-13,68799
Midwest,2014-12-20,57588
Midwest,2014-12-27,64898
Midwest,2015-01-03,71188
Midwest,2015-01-10,80342
Midwest,2015-01-17,65157
Midwest,2015-01-24,68224
Midwest,2015-01-31,83252
Midwest,2015-02-07,87636
Midwest,2015-02-14,73762
Midwest,2015-02-21,70569
Midwest,2015-02-28,78270
Midwest,2015-03-07,78712
Midwest,2015-03-14,71792
Midwest,2015-03-21,65688
Midwest,2015-03-28,71900
Midwest,2015-04-04,75785
Midwest,2015-04-11,78291
Midwest,2015-04-18,67746
Midwest,2015-04-25,68520
Midwest,2015-05-02,82335
Midwest,2015-05-09,77371
Midwest,2015-05-16,70127
Midwest,2015-05-23,63310
Midwest,2015-05-30,78933
Midwest,2015-06-06,82002
Midwest,2015-06-13,78292
Midwest,2015-06-20,66880
Midwest,2015-06-27,78308
Midwest,2015-07-04,78289
Midwest,2015-07-11,84223
Midwest,2015-07-18,71627
Midwest,2015-07-25,69824
Midwest,2015-08-01,84116
Midwest,2015-08-08,79825
Midwest,2015-08-15,75140
Midwest,2015-08-22,69068
Midwest,2015-08-29,82673
Midwest,2015-09-05,84870
Midwest,2015-09-12,83151
Midwest,2015-09-19,72720
Midwest,2015-09-26,76715
Midwest,2015-10-03,91148
Midwest,2015-10-10,85812
Midwest,2015-10-17,73704
Midwest,2015-10-24,74939
Midwest,2015-10-31,80689
Midwest,2015-11-07,81533
Midwest,2015-11-14,81227
Midwest,2015-11-21,67835
Midwest,2015-11-28,76411
Midwest,2015-12-05,83554
Midwest,2015-12-12,80733
Midwest,2015-12-19,69118
Midwest,2015-12-26,70727
Midwest,2016-01-02,84700
Midwest,2016-01-09,89447
Midwest,2016-01-16,77755
Midwest,2016-01-23,75672
Midwest,2016-01-30,90992
Midwest,2016-02-06,98350
Midwest,2016-02-13,95695
Midwest,2016-02-20,83952
Midwest,2016-02-27,90264
Midwest,2016-03-05,97040
Midwest,2016-03-12,93999
Midwest,2016-03-19,84417
Midwest,2016-03-26,82396
Midwest,2016-04-02,99538
Midwest,2016-04-09,100653
Midwest,2016-04-16,86585
Midwest,2016-04-23,84338
Midwest,2016-04-30,98991
Midwest,2016-05-07,100532
Midwest,2016-05-14,96909
South,2011-01-29,54371
South,2011-02-05,52410
South,2011-02-12,55714
South,2011-02-19,51139
South,2011-02-26,50677
South,2011-03-05,54102
South,2011-03-12,55050
South,2011-03-19,48417
South,2011-03-26,49135
South,2011-04-02,53075
South,2011-04-09,54819
South,2011-04-16,50778
South,2011-04-23,45777
South,2011-04-30,51013
South,2011-05-07,52521
South,2011-05-14,50024
South,2011-05-21,47748
South,2011-05-28,51126
South,2011-06-04,58079
South,2011-06-11,59208
South,2011-06-18,52114
South,2011-06-25,53272
South,2011-07-02,59220
South,2011-07-09,60876
South,2011-07-16,55294
South,2011-07-23,52899
South,2011-07-30,59286
South,2011-08-06,62685
South,2011-08-13,65159
South,2011-08-20,59755
South,2011-08-27,57049
South,2011-09-03,59461
South,2011-09-10,64425
South,2011-09-17,57188
South,2011-09-24,58059
South,2011-10-01,66464
South,2011-10-08,64571
South,2011-10-15,62204
South,2011-10-22,56774
South,2011-10-29,57974
South,2011-11-05,61932
South,2011-11-12,61545
South,2011-11-19,59983
South,2011-11-26,49728
South,2011-12-03,60478
South,2011-12-10,65199
South,2011-12-17,61964
South,2011-12-24,49927
South,2011-12-31,60652
South,2012-01-07,63245
South,2012-01-14,60520
South,2012-01-21,56092
South,2012-01-28,62537
South,2012-02-04,68107
South,2012-02-11,66385
South,2012-02-18,60994
South,2012-02-25,63493
South,2012-03-03,67731
South,2012-03-10,73951
South,2012-03-17,64389
South,2012-03-24,62918
South,2012-03-31,73069
South,2012-04-07,73643
South,2012-04-14,65819
South,2012-04-21,63436
South,2012-04-28,68955
South,2012-05-05,72528
South,2012-05-12,69902
South,2012-05-19,68277
South,2012-05-26,72490
South,2012-06-02,77188
South,2012-06-09,81050
South,2012-06-16,73668
South,2012-06-23,71439
South,2012-06-30,74620
South,2012-07-07,72469
South,2012-07-14,71243
South,2012-07-21,67103
South,2012-07-28,71357
South,2012-08-04,75190
South,2012-08-11,80588
South,2012-08-18,71066
South,2012-08-25,70848
South,2012-09-01,79297
South,2012-09-08,73496
South,2012-09-15,72287
South,2012-09-22,69417
South,2012-09-29,72577
South,2012-10-06,73646
South,2012-10-13,72517
South,2012-10-20,65320
South,2012-10-27,63695
South,2012-11-03,69463
South,2012-11-10,67398
South,2012-11-17,67233
South,2012-11-24,55413
South,2012-12-01,70033
South,2012-12-08,67559
South,2012-12-15,71594
South,2012-12-22,61919
South,2012-12-29,67847
South,2013-01-05,68136
South,2013-01-12,67366
South,2013-01-19,62786
South,2013-01-26,63592
South,2013-02-02,73098
South,2013-02-09,78486
South,2013-02-16,74346
South,2013-02-23,71895
South,2013-03-02,73686
South,2013-03-09,76462
South,2013-03-16,69453
South,2013-03-23,68258
South,2013-03-30,73109
South,2013-04-06,74904
South,2013-04-13,71771
South,2013-04-20,66045
South,2013-04-27,63796
South,2013-05-04,69518
South,2013-05-11,73793
South,2013-05-18,73046
South,2013-05-25,68829
South,2013-06-01,79802
South,2013-06-08,78124
South,2013-06-15,74536
South,2013-06-22,74206
South,2013-06-29,81916
South,2013-07-06,78801
South,2013-07-13,76790
South,2013-07-20,72742
South,2013-07-27,76155
South,2013-08-03,82857
South,2013-08-10,80127
South,2013-08-17,75246
South,2013-08-24,76638
South,2013-08-31,82318
South,2013-09-07,82480
South,2013-09-14,76842
South,2013-09-21,72628
South,2013-09-28,75688
South,2013-10-05,77535
South,2013-10-12,74005
South,2013-10-19,67695
South,2013-10-26,68874
South,2013-11-02,72157
South,2013-11-09,70327
South,2013-11-16,67205
South,2013-11-23,61937
South,2013-11-30,67131
South,2013-12-07,67947
South,2013-12-14,70378
South,2013-12-21,57745
South,2013-12-28,65832
South,2014-01-04,68998
South,2014-01-11,70069
South,2014-01-18,60611
South,2014-01-25,60424
South,2014-02-01,67165
South,2014-02-08,75258
South,2014-02-15,71308
South,2014-02-22,67382
South,2014-03-01,71016
South,2014-03-08,77646
South,2014-03-15,70462
South,2014-03-22,65273
South,2014-03-29,70982
South,2014-04-05,74684
South,2014-04-12,79194
South,2014-04-19,72112
South,2014-04-26,69977
South,2014-05-03,73301
South,2014-05-10,70862
South,2014-05-17,67545
South,2014-05-24,64900
South,2014-05-31,74717
South,2014-06-07,77452
South,2014-06-14,75222
South,2014-06-21,68302
South,2014-06-28,77647
South,2014-07-05,77057
South,2014-07-12,76139
South,2014-07-19,70649
South,2014-07-26,72078
South,2014-08-02,76667
South,2014-08-09,75216
South,2014-08-16,74333
South,2014-08-23,73994
South,2014-08-30,72218
South,2014-09-06,73879
South,2014-09-13,71183
South,2014-09-20,67181
South,2014-09-27,70672
South,2014-10-04,72913
South,2014-10-11,71376
South,2014-10-18,65925
South,2014-10-25,65097
South,2014-11-01,68964
South,2014-11-08,68604
South,2014-11-15,65861
South,2014-11-22,67430
South,2014-11-29,63462
South,2014-12-06,67247
South,2014-12-13,70739
South,2014-12-20,60326
South,2014-12-27,62473
South,2015-01-03,66738
South,2015-01-10,69165
South,2015-01-17,66969
South,2015-01-24,67307
South,2015-01-31,76489
South,2015-02-07,82055
South,2015-02-14,71392
South,2015-02-21,70056
South,2015-02-28,73704
South,2015-03-07,76288
South,2015-03-14,74858
South,2015-03-21,68607
South,2015-03-28,75713
South,2015-04-04,77434
South,2015-04-11,75782
South,2015-04-18,72212
South,2015-04-25,72898
South,2015-05-02,77931
South,2015-05-09,77101
South,2015-05-16,74541
South,2015-05-23,70531
South,2015-05-30,76299
South,2015-06-06,80450
South,2015-06-13,79582
South,2015-06-20,71725
South,2015-06-27,77097
South,2015-07-04,76540
South,2015-07-11,81928
South,2015-07-18,78337
South,2015-07-25,74781
South,2015-08-01,84597
South,2015-08-08,80969
South,2015-08-15,73980
South,2015-08-22,72151
South,2015-08-29,73173
South,2015-09-05,75350
South,2015-09-12,77126
South,2015-09-19,74734
South,2015-09-26,73238
South,2015-10-03,81230
South,2015-10-10,76820
South,2015-10-17,74267
South,2015-10-24,69580
South,2015-10-31,71066
South,2015-11-07,72514
South,2015-11-14,71559
South,2015-11-21,70616
South,2015-11-28,64929
South,2015-12-05,69799
South,2015-12-12,75963
South,2015-12-19,63760
South,2015-12-26,68229
South,2016-01-02,69155
South,2016-01-09,76213
South,2016-01-16,73123
South,2016-01-23,69507
South,2016-01-30,76145
South,2016-02-06,83905
South,2016-02-13,81043
South,2016-02-20,77050
South,2016-02-27,77212
South,2016-03-05,78844
South,2016-03-12,81524
South,2016-03-19,77318
South,2016-03-26,75542
South,2016-04-02,79813
South,2016-04-09,79556
South,2016-04-16,76776
South,2016-04-23,76535
South,2016-04-30,82070
South,2016-05-07,82793
South,2016-05-14,84053
West,2011-01-29,82653
West,2011-02-05,86969
West,2011-02-12,75484
West,2011-02-19,75764
West,2011-02-26,74812
West,2011-03-05,82245
West,2011-03-12,77351
West,2011-03-19,75649
West,2011-03-26,77787
West,2011-04-02,84632
West,2011-04-09,78839
West,2011-04-16,74123
West,2011-04-23,68155
West,2011-04-30,76245
West,2011-05-07,75171
West,2011-05-14,70556
West,2011-05-21,70437
West,2011-05-28,72924
West,2011-06-04,82447
West,2011-06-11,78811
West,2011-06-18,77563
West,2011-06-25,76243
West,2011-07-02,87929
West,2011-07-09,79473
West,2011-07-16,78922
West,2011-07-23,76766
West,2011-07-30,81528
West,2011-08-06,84580
West,2011-08-13,84139
West,2011-08-20,81059
West,2011-08-27,79105
West,2011-09-03,87434
West,2011-09-10,81549
West,2011-09-17,82771
West,2011-09-24,86203
West,2011-10-01,96372
West,2011-10-08,94350
West,2011-10-15,88892
West,2011-10-22,84747
West,2011-10-29,89517
West,2011-11-05,95675
West,2011-11-12,86072
West,2011-11-19,87619
West,2011-11-26,79323
West,2011-12-03,95735
West,2011-12-10,92584
West,2011-12-17,96242
West,2011-12-24,75991
West,2011-12-31,89079
West,2012-01-07,94622
West,2012-01-14,90078
West,2012-01-21,88877
West,2012-01-28,96086
West,2012-02-04,103637
West,2012-02-11,97491
West,2012-02-18,95798
West,2012-02-25,95981
West,2012-03-03,108420
West,2012-03-10,101685
West,2012-03-17,97553
West,2012-03-24,96240
West,2012-03-31,109021
West,2012-04-07,104659
West,2012-04-14,94734
West,2012-04-21,94528
West,2012-04-28,101199
West,2012-05-05,105712
West,2012-05-12,98537
West,2012-05-19,98882
West,2012-05-26,100835
West,2012-06-02,111124
West,2012-06-09,114986
West,2012-06-16,109271
West,2012-06-23,103698
West,2012-06-30,111726
West,2012-07-07,111012
West,2012-07-14,106283
West,2012-07-21,103960
West,2012-07-28,103691
West,2012-08-04,114058
West,2012-08-11,115026
West,2012-08-18,109184
West,2012-08-25,102649
West,2012-09-01,112706
West,2012-09-08,108911
West,2012-09-15,103271
West,2012-09-22,100726
West,2012-09-29,109508
West,2012-10-06,105477
West,2012-10-13,96076
West,2012-10-20,91534
West,2012-10-27,93759
West,2012-11-03,100829
West,2012-11-10,94117
West,2012-11-17,90471
West,2012-11-24,79304
West,2012-12-01,97940
West,2012-12-08,95296
West,2012-12-15,95990
West,2012-12-22,82673
West,2012-12-29,95562
West,2013-01-05,99266
West,2013-01-12,95773
West,2013-01-19,91967
West,2013-01-26,95917
West,2013-02-02,99892
West,2013-02-09,102536
West,2013-02-16,100160
West,2013-02-23,102576
West,2013-03-02,106459
West,2013-03-09,104843
West,2013-03-16,100810
West,2013-03-23,100897
West,2013-03-30,107473
West,2013-04-06,111393
West,2013-04-13,103732
West,2013-04-20,103294
West,2013-04-27,106333
West,2013-05-04,110841
West,2013-05-11,108307
West,2013-05-18,109468
West,2013-05-25,105695
West,2013-06-01,120101
West,2013-06-08,121592
West,2013-06-15,111639
West,2013-06-22,115226
West,2013-06-29,133718
West,2013-07-06,118986
West,2013-07-13,115238
West,2013-07-20,115369
West,2013-07-27,116531
West,2013-08-03,121865
West,2013-08-10,120259
West,2013-08-17,118855
West,2013-08-24,121190
West,2013-08-31,127093
West,2013-09-07,126659
West,2013-09-14,118976
West,2013-09-21,115650
West,2013-09-28,118235
West,2013-10-05,122950
West,2013-10-12,112876
West,2013-10-19,109111
West,2013-10-26,111150
West,2013-11-02,115462
West,2013-11-09,109042
West,2013-11-16,104337
West,2013-11-23,98797
West,2013-11-30,106819
West,2013-12-07,108108
West,2013-12-14,104239
West,2013-12-21,93043
West,2013-12-28,103002
West,2014-01-04,109367
West,2014-01-11,108649
West,2014-01-18,105652
West,2014-01-25,100895
West,2014-02-01,111935
West,2014-02-08,114961
West,2014-02-15,103984
West,2014-02-22,100450
West,2014-03-01,110565
West,2014-03-08,113028
West,2014-03-15,106607
West,2014-03-22,107504
West,2014-03-29,112453
West,2014-04-05,122301
West,2014-04-12,114341
West,2014-04-19,110552
West,2014-04-26,113567
West,2014-05-03,116126
West,2014-05-10,110252
West,2014-05-17,107189
West,2014-05-24,102741
West,2014-05-31,116790
West,2014-06-07,117151
West,2014-06-14,113616
West,2014-06-21,110842
West,2014-06-28,123470
West,2014-07-05,119847
West,2014-07-12,114173
West,2014-07-19,111428
West,2014-07-26,113606
West,2014-08-02,121043
West,2014-08-09,115806
West,2014-08-16,116340
West,2014-08-23,113286
West,2014-08-30,115370
West,2014-09-06,116085
West,2014-09-13,113212
West,2014-09-20,110960
West,2014-09-27,113801
West,2014-10-04,118372
West,2014-10-11,106768
West,2014-10-18,106959
West,2014-10-25,103196
West,2014-11-01,113969
West,2014-11-08,108257
West,2014-11-15,102140
West,2014-11-22,103507
West,2014-11-29,102201
West,2014-12-06,104223
West,2014-12-13,98920
West,2014-12-20,90139
West,2014-12-27,96059
West,2015-01-03,102758
West,2015-01-10,104414
West,2015-01-17,102667
West,2015-01-24,101273
West,2015-01-31,109331
West,2015-02-07,116705
West,2015-02-14,98743
West,2015-02-21,98561
West,2015-02-28,107681
West,2015-03-07,110130
West,2015-03-14,105870
West,2015-03-21,105312
West,2015-03-28,112341
West,2015-04-04,112401
West,2015-04-11,105650
West,2015-04-18,105725
West,2015-04-25,108976
West,2015-05-02,115187
West,2015-05-09,106555
West,2015-05-16,107154
West,2015-05-23,105494
West,2015-05-30,118048
West,2015-06-06,122630
West,2015-06-13,118970
West,2015-06-20,114923
West,2015-06-27,129936
West,2015-07-04,119239
West,2015-07-11,124157
West,2015-07-18,121177
West,2015-07-25,117950
West,2015-08-01,131107
West,2015-08-08,128212
West,2015-08-15,127399
West,2015-08-22,118139
West,2015-08-29,127226
West,2015-09-05,128527
West,2015-09-12,122994
West,2015-09-19,125611
West,2015-09-26,122496
West,2015-10-03,133834
West,2015-10-10,122803
West,2015-10-17,120414
West,2015-10-24,119090
West,2015-10-31,118834
West,2015-11-07,114769
West,2015-11-14,112102
West,2015-11-21,109965
West,2015-11-28,107436
West,2015-12-05,112600
West,2015-12-12,112397
West,2015-12-19,100748
West,2015-12-26,106493
West,2016-01-02,114786
West,2016-01-09,117574
West,2016-01-16,116899
West,2016-01-23,117869
West,2016-01-30,124397
West,2016-02-06,123154
West,2016-02-13,122541
West,2016-02-20,119577
West,2016-02-27,124363
West,2016-03-05,128131
West,2016-03-12,122028
West,2016-03-19,119506
West,2016-03-26,124759
West,2016-04-02,130317
West,2016-04-09,125994
West,2016-04-16,123163
West,2016-04-23,124237
West,2016-04-30,134064
West,2016-05-07,129126
West,2016-05-14,131017
