region,week_start,series,model,units,lower_80,upper_80
Midwest,2011-01-29,Actual,,52918.0,,
Midwest,2011-02-05,Actual,,53791.0,,
Midwest,2011-02-12,Actual,,51371.0,,
Midwest,2011-02-19,Actual,,42099.0,,
Midwest,2011-02-26,Actual,,46331.0,,
Midwest,2011-03-05,Actual,,47803.0,,
Midwest,2011-03-12,Actual,,48596.0,,
Midwest,2011-03-19,Actual,,41203.0,,
Midwest,2011-03-26,Actual,,42573.0,,
Midwest,2011-04-02,Actual,,47573.0,,
Midwest,2011-04-09,Actual,,46727.0,,
Midwest,2011-04-16,Actual,,40218.0,,
Midwest,2011-04-23,Actual,,36587.0,,
Midwest,2011-04-30,Actual,,43236.0,,
Midwest,2011-05-07,Actual,,41889.0,,
Midwest,2011-05-14,Actual,,40405.0,,
Midwest,2011-05-21,Actual,,37349.0,,
Midwest,2011-05-28,Actual,,39646.0,,
Midwest,2011-06-04,Actual,,48816.0,,
Midwest,2011-06-11,Actual,,45598.0,,
Midwest,2011-06-18,Actual,,40144.0,,
Midwest,2011-06-25,Actual,,39491.0,,
Midwest,2011-07-02,Actual,,45662.0,,
Midwest,2011-07-09,Actual,,49141.0,,
Midwest,2011-07-16,Actual,,45178.0,,
Midwest,2011-07-23,Actual,,39797.0,,
Midwest,2011-07-30,Actual,,46442.0,,
Midwest,2011-08-06,Actual,,47097.0,,
Midwest,2011-08-13,Actual,,45452.0,,
Midwest,2011-08-20,Actual,,40975.0,,
Midwest,2011-08-27,Actual,,44520.0,,
Midwest,2011-09-03,Actual,,47093.0,,
Midwest,2011-09-10,Actual,,49252.0,,
Midwest,2011-09-17,Actual,,41673.0,,
Midwest,2011-09-24,Actual,,43068.0,,
Midwest,2011-10-01,Actual,,52223.0,,
Midwest,2011-10-08,Actual,,53192.0,,
Midwest,2011-10-15,Actual,,47224.0,,
Midwest,2011-10-22,Actual,,43463.0,,
Midwest,2011-10-29,Actual,,47621.0,,
Midwest,2011-11-05,Actual,,51627.0,,
Midwest,2011-11-12,Actual,,50676.0,,
Midwest,2011-11-19,Actual,,43136.0,,
Midwest,2011-11-26,Actual,,44421.0,,
Midwest,2011-12-03,Actual,,54719.0,,
Midwest,2011-12-10,Actual,,54133.0,,
Midwest,2011-12-17,Actual,,50860.0,,
Midwest,2011-12-24,Actual,,39720.0,,
Midwest,2011-12-31,Actual,,52356.0,,
Midwest,2012-01-07,Actual,,54066.0,,
Midwest,2012-01-14,Actual,,51997.0,,
Midwest,2012-01-21,Actual,,47291.0,,
Midwest,2012-01-28,Actual,,53198.0,,
Midwest,2012-02-04,Actual,,58518.0,,
Midwest,2012-02-11,Actual,,56237.0,,
Midwest,2012-02-18,Actual,,48772.0,,
Midwest,2012-02-25,Actual,,51782.0,,
Midwest,2012-03-03,Actual,,60417.0,,
Midwest,2012-03-10,Actual,,55680.0,,
Midwest,2012-03-17,Actual,,49673.0,,
Midwest,2012-03-24,Actual,,46999.0,,
Midwest,2012-03-31,Actual,,57779.0,,
Midwest,2012-04-07,Actual,,54420.0,,
Midwest,2012-04-14,Actual,,48105.0,,
Midwest,2012-04-21,Actual,,44981.0,,
Midwest,2012-04-28,Actual,,54393.0,,
Midwest,2012-05-05,Actual,,57582.0,,
Midwest,2012-05-12,Actual,,57854.0,,
Midwest,2012-05-19,Actual,,53974.0,,
Midwest,2012-05-26,Actual,,55282.0,,
Midwest,2012-06-02,Actual,,70864.0,,
Midwest,2012-06-09,Actual,,75437.0,,
Midwest,2012-06-16,Actual,,65314.0,,
Midwest,2012-06-23,Actual,,61447.0,,
Midwest,2012-06-30,Actual,,77407.0,,
Midwest,2012-07-07,Actual,,71710.0,,
Midwest,2012-07-14,Actual,,67131.0,,
Midwest,2012-07-21,Actual,,57508.0,,
Midwest,2012-07-28,Actual,,62892.0,,
Midwest,2012-08-04,Actual,,68229.0,,
Midwest,2012-08-11,Actual,,69966.0,,
Midwest,2012-08-18,Actual,,57769.0,,
Midwest,2012-08-25,Actual,,59466.0,,
Midwest,2012-09-01,Actual,,71054.0,,
Midwest,2012-09-08,Actual,,70321.0,,
Midwest,2012-09-15,Actual,,65079.0,,
Midwest,2012-09-22,Actual,,57082.0,,
Midwest,2012-09-29,Actual,,66186.0,,
Midwest,2012-10-06,Actual,,67893.0,,
Midwest,2012-10-13,Actual,,60406.0,,
Midwest,2012-10-20,Actual,,49518.0,,
Midwest,2012-10-27,Actual,,65478.0,,
Midwest,2012-11-03,Actual,,77065.0,,
Midwest,2012-11-10,Actual,,75571.0,,
Midwest,2012-11-17,Actual,,60457.0,,
Midwest,2012-11-24,Actual,,56798.0,,
Midwest,2012-12-01,Actual,,75521.0,,
Midwest,2012-12-08,Actual,,74220.0,,
Midwest,2012-12-15,Actual,,71640.0,,
Midwest,2012-12-22,Actual,,58178.0,,
Midwest,2012-12-29,Actual,,70734.0,,
Midwest,2013-01-05,Actual,,78417.0,,
Midwest,2013-01-12,Actual,,74445.0,,
Midwest,2013-01-19,Actual,,61411.0,,
Midwest,2013-01-26,Actual,,62306.0,,
Midwest,2013-02-02,Actual,,77407.0,,
Midwest,2013-02-09,Actual,,88518.0,,
Midwest,2013-02-16,Actual,,72362.0,,
Midwest,2013-02-23,Actual,,69759.0,,
Midwest,2013-03-02,Actual,,81017.0,,
Midwest,2013-03-09,Actual,,80398.0,,
Midwest,2013-03-16,Actual,,68602.0,,
Midwest,2013-03-23,Actual,,66376.0,,
Midwest,2013-03-30,Actual,,75264.0,,
Midwest,2013-04-06,Actual,,75950.0,,
Midwest,2013-04-13,Actual,,67391.0,,
Midwest,2013-04-20,Actual,,54748.0,,
Midwest,2013-04-27,Actual,,59740.0,,
Midwest,2013-05-04,Actual,,68478.0,,
Midwest,2013-05-11,Actual,,69399.0,,
Midwest,2013-05-18,Actual,,59839.0,,
Midwest,2013-05-25,Actual,,57421.0,,
Midwest,2013-06-01,Actual,,73140.0,,
Midwest,2013-06-08,Actual,,72386.0,,
Midwest,2013-06-15,Actual,,64663.0,,
Midwest,2013-06-22,Actual,,60406.0,,
Midwest,2013-06-29,Actual,,71685.0,,
Midwest,2013-07-06,Actual,,75601.0,,
Midwest,2013-07-13,Actual,,73972.0,,
Midwest,2013-07-20,Actual,,59089.0,,
Midwest,2013-07-27,Actual,,61618.0,,
Midwest,2013-08-03,Actual,,73329.0,,
Midwest,2013-08-10,Actual,,75343.0,,
Midwest,2013-08-17,Actual,,63625.0,,
Midwest,2013-08-24,Actual,,68535.0,,
Midwest,2013-08-31,Actual,,75610.0,,
Midwest,2013-09-07,Actual,,78562.0,,
Midwest,2013-09-14,Actual,,72049.0,,
Midwest,2013-09-21,Actual,,63890.0,,
Midwest,2013-09-28,Actual,,72986.0,,
Midwest,2013-10-05,Actual,,76585.0,,
Midwest,2013-10-12,Actual,,73644.0,,
Midwest,2013-10-19,Actual,,62067.0,,
Midwest,2013-10-26,Actual,,62579.0,,
Midwest,2013-11-02,Actual,,75349.0,,
Midwest,2013-11-09,Actual,,73422.0,,
Midwest,2013-11-16,Actual,,65743.0,,
Midwest,2013-11-23,Actual,,59748.0,,
Midwest,2013-11-30,Actual,,74463.0,,
Midwest,2013-12-07,Actual,,72637.0,,
Midwest,2013-12-14,Actual,,69046.0,,
Midwest,2013-12-21,Actual,,56809.0,,
Midwest,2013-12-28,Actual,,64249.0,,
Midwest,2014-01-04,Actual,,73853.0,,
Midwest,2014-01-11,Actual,,77884.0,,
Midwest,2014-01-18,Actual,,63286.0,,
Midwest,2014-01-25,Actual,,61956.0,,
Midwest,2014-02-01,Actual,,76321.0,,
Midwest,2014-02-08,Actual,,79740.0,,
Midwest,2014-02-15,Actual,,72212.0,,
Midwest,2014-02-22,Actual,,69044.0,,
Midwest,2014-03-01,Actual,,76763.0,,
Midwest,2014-03-08,Actual,,79946.0,,
Midwest,2014-03-15,Actual,,66589.0,,
Midwest,2014-03-22,Actual,,63286.0,,
Midwest,2014-03-29,Actual,,71282.0,,
Midwest,2014-04-05,Actual,,77109.0,,
Midwest,2014-04-12,Actual,,77176.0,,
Midwest,2014-04-19,Actual,,61049.0,,
Midwest,2014-04-26,Actual,,65339.0,,
Midwest,2014-05-03,Actual,,72013.0,,
Midwest,2014-05-10,Actual,,72603.0,,
Midwest,2014-05-17,Actual,,63439.0,,
Midwest,2014-05-24,Actual,,58619.0,,
Midwest,2014-05-31,Actual,,75467.0,,
Midwest,2014-06-07,Actual,,75014.0,,
Midwest,2014-06-14,Actual,,70770.0,,
Midwest,2014-06-21,Actual,,61790.0,,
Midwest,2014-06-28,Actual,,73702.0,,
Midwest,2014-07-05,Actual,,76097.0,,
Midwest,2014-07-12,Actual,,75045.0,,
Midwest,2014-07-19,Actual,,63367.0,,
Midwest,2014-07-26,Actual,,64178.0,,
Midwest,2014-08-02,Actual,,77014.0,,
Midwest,2014-08-09,Actual,,77492.0,,
Midwest,2014-08-16,Actual,,69255.0,,
Midwest,2014-08-23,Actual,,68080.0,,
Midwest,2014-08-30,Actual,,77260.0,,
Midwest,2014-09-06,Actual,,76384.0,,
Midwest,2014-09-13,Actual,,70051.0,,
Midwest,2014-09-20,Actual,,61852.0,,
Midwest,2014-09-27,Actual,,71440.0,,
Midwest,2014-10-04,Actual,,77069.0,,
Midwest,2014-10-11,Actual,,76719.0,,
Midwest,2014-10-18,Actual,,65149.0,,
Midwest,2014-10-25,Actual,,62848.0,,
Midwest,2014-11-01,Actual,,76722.0,,
Midwest,2014-11-08,Actual,,75801.0,,
Midwest,2014-11-15,Actual,,68880.0,,
Midwest,2014-11-22,Actual,,60682.0,,
Midwest,2014-11-29,Actual,,70556.0,,
Midwest,2014-12-06,Actual,,72168.0,,
Midwest,2014-12-13,Actual,,68799.0,,
Midwest,2014-12-20,Actual,,57588.0,,
Midwest,2014-12-27,Actual,,64898.0,,
Midwest,2015-01-03,Actual,,71188.0,,
Midwest,2015-01-10,Actual,,80342.0,,
Midwest,2015-01-17,Actual,,65157.0,,
Midwest,2015-01-24,Actual,,68224.0,,
Midwest,2015-01-31,Actual,,83252.0,,
Midwest,2015-02-07,Actual,,87636.0,,
Midwest,2015-02-14,Actual,,73762.0,,
Midwest,2015-02-21,Actual,,70569.0,,
Midwest,2015-02-28,Actual,,78270.0,,
Midwest,2015-03-07,Actual,,78712.0,,
Midwest,2015-03-14,Actual,,71792.0,,
Midwest,2015-03-21,Actual,,65688.0,,
Midwest,2015-03-28,Actual,,71900.0,,
Midwest,2015-04-04,Actual,,75785.0,,
Midwest,2015-04-11,Actual,,78291.0,,
Midwest,2015-04-18,Actual,,67746.0,,
Midwest,2015-04-25,Actual,,68520.0,,
Midwest,2015-05-02,Actual,,82335.0,,
Midwest,2015-05-09,Actual,,77371.0,,
Midwest,2015-05-16,Actual,,70127.0,,
Midwest,2015-05-23,Actual,,63310.0,,
Midwest,2015-05-30,Actual,,78933.0,,
Midwest,2015-06-06,Actual,,82002.0,,
Midwest,2015-06-13,Actual,,78292.0,,
Midwest,2015-06-20,Actual,,66880.0,,
Midwest,2015-06-20,Backtest forecast,Prophet,76804.44657290922,,
Midwest,2015-06-27,Actual,,78308.0,,
Midwest,2015-06-27,Backtest forecast,Prophet,76604.51711622743,,
Midwest,2015-07-04,Actual,,78289.0,,
Midwest,2015-07-04,Backtest forecast,Prophet,75702.57933386805,,
Midwest,2015-07-11,Actual,,84223.0,,
Midwest,2015-07-11,Backtest forecast,Prophet,74499.44164414515,,
Midwest,2015-07-18,Actual,,71627.0,,
Midwest,2015-07-18,Backtest forecast,Prophet,73451.76866298412,,
Midwest,2015-07-25,Actual,,69824.0,,
Midwest,2015-07-25,Backtest forecast,Prophet,72904.0396090533,,
Midwest,2015-08-01,Actual,,84116.0,,
Midwest,2015-08-01,Backtest forecast,Prophet,72977.14013333652,,
Midwest,2015-08-08,Actual,,79825.0,,
Midwest,2015-08-08,Backtest forecast,Prophet,73552.44486401303,,
Midwest,2015-08-15,Actual,,75140.0,,
Midwest,2015-08-15,Backtest forecast,Prophet,74347.6798089447,,
Midwest,2015-08-22,Actual,,69068.0,,
Midwest,2015-08-22,Backtest forecast,Prophet,75043.6429951371,,
Midwest,2015-08-29,Actual,,82673.0,,
Midwest,2015-08-29,Backtest forecast,Prophet,75404.90718582367,,
Midwest,2015-09-05,Actual,,84870.0,,
Midwest,2015-09-05,Backtest forecast,Prophet,75347.90968632682,,
Midwest,2015-09-12,Actual,,83151.0,,
Midwest,2015-09-12,Backtest forecast,Prophet,76555.5722333065,,
Midwest,2015-09-19,Actual,,72720.0,,
Midwest,2015-09-19,Backtest forecast,Prophet,75872.99837465132,,
Midwest,2015-09-26,Actual,,76715.0,,
Midwest,2015-09-26,Backtest forecast,Prophet,75072.38627145793,,
Midwest,2015-10-03,Actual,,91148.0,,
Midwest,2015-10-03,Backtest forecast,Prophet,74335.85199436214,,
Midwest,2015-10-10,Actual,,85812.0,,
Midwest,2015-10-10,Backtest forecast,Prophet,73802.31570261474,,
Midwest,2015-10-17,Actual,,73704.0,,
Midwest,2015-10-17,Backtest forecast,Prophet,73542.050559126,,
Midwest,2015-10-24,Actual,,74939.0,,
Midwest,2015-10-24,Backtest forecast,Prophet,73551.16403697847,,
Midwest,2015-10-31,Actual,,80689.0,,
Midwest,2015-10-31,Backtest forecast,Prophet,73759.74415597999,,
Midwest,2015-11-07,Actual,,81533.0,,
Midwest,2015-11-07,Backtest forecast,Prophet,74049.00373842932,,
Midwest,2015-11-14,Actual,,81227.0,,
Midwest,2015-11-14,Backtest forecast,Prophet,74276.9721514155,,
Midwest,2015-11-21,Actual,,67835.0,,
Midwest,2015-11-21,Backtest forecast,Prophet,74314.010651595,,
Midwest,2015-11-28,Actual,,76411.0,,
Midwest,2015-11-28,Backtest forecast,Prophet,74085.69173764276,,
Midwest,2015-12-05,Actual,,83554.0,,
Midwest,2015-12-05,Backtest forecast,Prophet,75783.43171184082,,
Midwest,2015-12-12,Actual,,80733.0,,
Midwest,2015-12-12,Backtest forecast,Prophet,75330.93333964242,,
Midwest,2015-12-19,Actual,,69118.0,,
Midwest,2015-12-19,Backtest forecast,Prophet,75002.31548688166,,
Midwest,2015-12-26,Actual,,70727.0,,
Midwest,2015-12-26,Backtest forecast,Prophet,75041.92010423669,,
Midwest,2016-01-02,Actual,,84700.0,,
Midwest,2016-01-02,Backtest forecast,Prophet,75671.79954907374,,
Midwest,2016-01-09,Actual,,89447.0,,
Midwest,2016-01-09,Backtest forecast,Prophet,76991.34113430044,,
Midwest,2016-01-16,Actual,,77755.0,,
Midwest,2016-01-16,Backtest forecast,Prophet,78904.25362618425,,
Midwest,2016-01-23,Actual,,75672.0,,
Midwest,2016-01-23,Backtest forecast,Prophet,81110.99419682864,,
Midwest,2016-01-30,Actual,,90992.0,,
Midwest,2016-01-30,Backtest forecast,Prophet,83180.41151281755,,
Midwest,2016-02-06,Actual,,98350.0,,
Midwest,2016-02-06,Backtest forecast,Prophet,84680.42513297783,,
Midwest,2016-02-13,Actual,,95695.0,,
Midwest,2016-02-13,Backtest forecast,Prophet,85319.34952317202,,
Midwest,2016-02-20,Actual,,83952.0,,
Midwest,2016-02-20,Backtest forecast,Prophet,85040.9446264707,,
Midwest,2016-02-27,Actual,,90264.0,,
Midwest,2016-02-27,Backtest forecast,Prophet,86836.80902367854,,
Midwest,2016-03-05,Actual,,97040.0,,
Midwest,2016-03-05,Backtest forecast,Prophet,85116.41761583828,,
Midwest,2016-03-12,Actual,,93999.0,,
Midwest,2016-03-12,Backtest forecast,Prophet,83514.02052501052,,
Midwest,2016-03-19,Actual,,84417.0,,
Midwest,2016-03-19,Backtest forecast,Prophet,82325.8375350286,,
Midwest,2016-03-26,Actual,,82396.0,,
Midwest,2016-03-26,Backtest forecast,Prophet,81591.7034175349,,
Midwest,2016-04-02,Actual,,99538.0,,
Midwest,2016-04-02,Backtest forecast,Prophet,81132.22239610797,,
Midwest,2016-04-09,Actual,,100653.0,,
Midwest,2016-04-09,Backtest forecast,Prophet,80683.66968745505,,
Midwest,2016-04-16,Actual,,86585.0,,
Midwest,2016-04-16,Backtest forecast,Prophet,80064.05268231392,,
Midwest,2016-04-23,Actual,,84338.0,,
Midwest,2016-04-23,Backtest forecast,Prophet,79290.62154601645,,
Midwest,2016-04-30,Actual,,98991.0,,
Midwest,2016-04-30,Backtest forecast,Prophet,78592.85314903125,,
Midwest,2016-05-07,Actual,,100532.0,,
Midwest,2016-05-07,Backtest forecast,Prophet,78314.35263617891,,
Midwest,2016-05-14,Actual,,96909.0,,
Midwest,2016-05-14,Backtest forecast,Prophet,78749.1955555118,,
Midwest,2016-05-21,Forecast,Prophet,87910.59035738208,82601.89489746062,107811.23409093956
Midwest,2016-05-28,Forecast,Prophet,89131.83684570518,83749.3934373096,109308.93863939142
Midwest,2016-06-04,Forecast,Prophet,90689.72596452013,85213.20562115581,111219.49284899783
Midwest,2016-06-11,Forecast,Prophet,92223.82174494809,86654.66128539828,113100.86753467876
Midwest,2016-06-18,Forecast,Prophet,93363.58724519127,87725.59926540851,114498.64594403713
Midwest,2016-06-25,Forecast,Prophet,93868.34095410364,88199.87219024253,115117.66260686005
Midwest,2016-07-02,Forecast,Prophet,93715.50822365849,88056.26863706649,114930.2325690023
Midwest,2016-07-09,Forecast,Prophet,93102.5301000649,87480.3066928493,114178.49233262448
Midwest,2016-07-16,Forecast,Prophet,92365.22461515995,86787.52519833481,113274.28029279548
Midwest,2016-07-23,Forecast,Prophet,91849.57261429827,86303.01210149759,112641.8982515834
Midwest,2016-07-30,Forecast,Prophet,91790.1908607771,86247.21626002682,112569.07403207156
Midwest,2016-08-06,Forecast,Prophet,92241.42136368324,86671.19810822119,113122.45124385024
South,2011-01-29,Actual,,54371.0,,
South,2011-02-05,Actual,,52410.0,,
South,2011-02-12,Actual,,55714.0,,
South,2011-02-19,Actual,,51139.0,,
South,2011-02-26,Actual,,50677.0,,
South,2011-03-05,Actual,,54102.0,,
South,2011-03-12,Actual,,55050.0,,
South,2011-03-19,Actual,,48417.0,,
South,2011-03-26,Actual,,49135.0,,
South,2011-04-02,Actual,,53075.0,,
South,2011-04-09,Actual,,54819.0,,
South,2011-04-16,Actual,,50778.0,,
South,2011-04-23,Actual,,45777.0,,
South,2011-04-30,Actual,,51013.0,,
South,2011-05-07,Actual,,52521.0,,
South,2011-05-14,Actual,,50024.0,,
South,2011-05-21,Actual,,47748.0,,
South,2011-05-28,Actual,,51126.0,,
South,2011-06-04,Actual,,58079.0,,
South,2011-06-11,Actual,,59208.0,,
South,2011-06-18,Actual,,52114.0,,
South,2011-06-25,Actual,,53272.0,,
South,2011-07-02,Actual,,59220.0,,
South,2011-07-09,Actual,,60876.0,,
South,2011-07-16,Actual,,55294.0,,
South,2011-07-23,Actual,,52899.0,,
South,2011-07-30,Actual,,59286.0,,
South,2011-08-06,Actual,,62685.0,,
South,2011-08-13,Actual,,65159.0,,
South,2011-08-20,Actual,,59755.0,,
South,2011-08-27,Actual,,57049.0,,
South,2011-09-03,Actual,,59461.0,,
South,2011-09-10,Actual,,64425.0,,
South,2011-09-17,Actual,,57188.0,,
South,2011-09-24,Actual,,58059.0,,
South,2011-10-01,Actual,,66464.0,,
South,2011-10-08,Actual,,64571.0,,
South,2011-10-15,Actual,,62204.0,,
South,2011-10-22,Actual,,56774.0,,
South,2011-10-29,Actual,,57974.0,,
South,2011-11-05,Actual,,61932.0,,
South,2011-11-12,Actual,,61545.0,,
South,2011-11-19,Actual,,59983.0,,
South,2011-11-26,Actual,,49728.0,,
South,2011-12-03,Actual,,60478.0,,
South,2011-12-10,Actual,,65199.0,,
South,2011-12-17,Actual,,61964.0,,
South,2011-12-24,Actual,,49927.0,,
South,2011-12-31,Actual,,60652.0,,
South,2012-01-07,Actual,,63245.0,,
South,2012-01-14,Actual,,60520.0,,
South,2012-01-21,Actual,,56092.0,,
South,2012-01-28,Actual,,62537.0,,
South,2012-02-04,Actual,,68107.0,,
South,2012-02-11,Actual,,66385.0,,
South,2012-02-18,Actual,,60994.0,,
South,2012-02-25,Actual,,63493.0,,
South,2012-03-03,Actual,,67731.0,,
South,2012-03-10,Actual,,73951.0,,
South,2012-03-17,Actual,,64389.0,,
South,2012-03-24,Actual,,62918.0,,
South,2012-03-31,Actual,,73069.0,,
South,2012-04-07,Actual,,73643.0,,
South,2012-04-14,Actual,,65819.0,,
South,2012-04-21,Actual,,63436.0,,
South,2012-04-28,Actual,,68955.0,,
South,2012-05-05,Actual,,72528.0,,
South,2012-05-12,Actual,,69902.0,,
South,2012-05-19,Actual,,68277.0,,
South,2012-05-26,Actual,,72490.0,,
South,2012-06-02,Actual,,77188.0,,
South,2012-06-09,Actual,,81050.0,,
South,2012-06-16,Actual,,73668.0,,
South,2012-06-23,Actual,,71439.0,,
South,2012-06-30,Actual,,74620.0,,
South,2012-07-07,Actual,,72469.0,,
South,2012-07-14,Actual,,71243.0,,
South,2012-07-21,Actual,,67103.0,,
South,2012-07-28,Actual,,71357.0,,
South,2012-08-04,Actual,,75190.0,,
South,2012-08-11,Actual,,80588.0,,
South,2012-08-18,Actual,,71066.0,,
South,2012-08-25,Actual,,70848.0,,
South,2012-09-01,Actual,,79297.0,,
South,2012-09-08,Actual,,73496.0,,
South,2012-09-15,Actual,,72287.0,,
South,2012-09-22,Actual,,69417.0,,
South,2012-09-29,Actual,,72577.0,,
South,2012-10-06,Actual,,73646.0,,
South,2012-10-13,Actual,,72517.0,,
South,2012-10-20,Actual,,65320.0,,
South,2012-10-27,Actual,,63695.0,,
South,2012-11-03,Actual,,69463.0,,
South,2012-11-10,Actual,,67398.0,,
South,2012-11-17,Actual,,67233.0,,
South,2012-11-24,Actual,,55413.0,,
South,2012-12-01,Actual,,70033.0,,
South,2012-12-08,Actual,,67559.0,,
South,2012-12-15,Actual,,71594.0,,
South,2012-12-22,Actual,,61919.0,,
South,2012-12-29,Actual,,67847.0,,
South,2013-01-05,Actual,,68136.0,,
South,2013-01-12,Actual,,67366.0,,
South,2013-01-19,Actual,,62786.0,,
South,2013-01-26,Actual,,63592.0,,
South,2013-02-02,Actual,,73098.0,,
South,2013-02-09,Actual,,78486.0,,
South,2013-02-16,Actual,,74346.0,,
South,2013-02-23,Actual,,71895.0,,
South,2013-03-02,Actual,,73686.0,,
South,2013-03-09,Actual,,76462.0,,
South,2013-03-16,Actual,,69453.0,,
South,2013-03-23,Actual,,68258.0,,
South,2013-03-30,Actual,,73109.0,,
South,2013-04-06,Actual,,74904.0,,
South,2013-04-13,Actual,,71771.0,,
South,2013-04-20,Actual,,66045.0,,
South,2013-04-27,Actual,,63796.0,,
South,2013-05-04,Actual,,69518.0,,
South,2013-05-11,Actual,,73793.0,,
South,2013-05-18,Actual,,73046.0,,
South,2013-05-25,Actual,,68829.0,,
South,2013-06-01,Actual,,79802.0,,
South,2013-06-08,Actual,,78124.0,,
South,2013-06-15,Actual,,74536.0,,
South,2013-06-22,Actual,,74206.0,,
South,2013-06-29,Actual,,81916.0,,
South,2013-07-06,Actual,,78801.0,,
South,2013-07-13,Actual,,76790.0,,
South,2013-07-20,Actual,,72742.0,,
South,2013-07-27,Actual,,76155.0,,
South,2013-08-03,Actual,,82857.0,,
South,2013-08-10,Actual,,80127.0,,
South,2013-08-17,Actual,,75246.0,,
South,2013-08-24,Actual,,76638.0,,
South,2013-08-31,Actual,,82318.0,,
South,2013-09-07,Actual,,82480.0,,
South,2013-09-14,Actual,,76842.0,,
South,2013-09-21,Actual,,72628.0,,
South,2013-09-28,Actual,,75688.0,,
South,2013-10-05,Actual,,77535.0,,
South,2013-10-12,Actual,,74005.0,,
South,2013-10-19,Actual,,67695.0,,
South,2013-10-26,Actual,,68874.0,,
South,2013-11-02,Actual,,72157.0,,
South,2013-11-09,Actual,,70327.0,,
South,2013-11-16,Actual,,67205.0,,
South,2013-11-23,Actual,,61937.0,,
South,2013-11-30,Actual,,67131.0,,
South,2013-12-07,Actual,,67947.0,,
South,2013-12-14,Actual,,70378.0,,
South,2013-12-21,Actual,,57745.0,,
South,2013-12-28,Actual,,65832.0,,
South,2014-01-04,Actual,,68998.0,,
South,2014-01-11,Actual,,70069.0,,
South,2014-01-18,Actual,,60611.0,,
South,2014-01-25,Actual,,60424.0,,
South,2014-02-01,Actual,,67165.0,,
South,2014-02-08,Actual,,75258.0,,
South,2014-02-15,Actual,,71308.0,,
South,2014-02-22,Actual,,67382.0,,
South,2014-03-01,Actual,,71016.0,,
South,2014-03-08,Actual,,77646.0,,
South,2014-03-15,Actual,,70462.0,,
South,2014-03-22,Actual,,65273.0,,
South,2014-03-29,Actual,,70982.0,,
South,2014-04-05,Actual,,74684.0,,
South,2014-04-12,Actual,,79194.0,,
South,2014-04-19,Actual,,72112.0,,
South,2014-04-26,Actual,,69977.0,,
South,2014-05-03,Actual,,73301.0,,
South,2014-05-10,Actual,,70862.0,,
South,2014-05-17,Actual,,67545.0,,
South,2014-05-24,Actual,,64900.0,,
South,2014-05-31,Actual,,74717.0,,
South,2014-06-07,Actual,,77452.0,,
South,2014-06-14,Actual,,75222.0,,
South,2014-06-21,Actual,,68302.0,,
South,2014-06-28,Actual,,77647.0,,
South,2014-07-05,Actual,,77057.0,,
South,2014-07-12,Actual,,76139.0,,
South,2014-07-19,Actual,,70649.0,,
South,2014-07-26,Actual,,72078.0,,
South,2014-08-02,Actual,,76667.0,,
South,2014-08-09,Actual,,75216.0,,
South,2014-08-16,Actual,,74333.0,,
South,2014-08-23,Actual,,73994.0,,
South,2014-08-30,Actual,,72218.0,,
South,2014-09-06,Actual,,73879.0,,
South,2014-09-13,Actual,,71183.0,,
South,2014-09-20,Actual,,67181.0,,
South,2014-09-27,Actual,,70672.0,,
South,2014-10-04,Actual,,72913.0,,
South,2014-10-11,Actual,,71376.0,,
South,2014-10-18,Actual,,65925.0,,
South,2014-10-25,Actual,,65097.0,,
South,2014-11-01,Actual,,68964.0,,
South,2014-11-08,Actual,,68604.0,,
South,2014-11-15,Actual,,65861.0,,
South,2014-11-22,Actual,,67430.0,,
South,2014-11-29,Actual,,63462.0,,
South,2014-12-06,Actual,,67247.0,,
South,2014-12-13,Actual,,70739.0,,
South,2014-12-20,Actual,,60326.0,,
South,2014-12-27,Actual,,62473.0,,
South,2015-01-03,Actual,,66738.0,,
South,2015-01-10,Actual,,69165.0,,
South,2015-01-17,Actual,,66969.0,,
South,2015-01-24,Actual,,67307.0,,
South,2015-01-31,Actual,,76489.0,,
South,2015-02-07,Actual,,82055.0,,
South,2015-02-14,Actual,,71392.0,,
South,2015-02-21,Actual,,70056.0,,
South,2015-02-28,Actual,,73704.0,,
South,2015-03-07,Actual,,76288.0,,
South,2015-03-14,Actual,,74858.0,,
South,2015-03-21,Actual,,68607.0,,
South,2015-03-28,Actual,,75713.0,,
South,2015-04-04,Actual,,77434.0,,
South,2015-04-11,Actual,,75782.0,,
South,2015-04-18,Actual,,72212.0,,
South,2015-04-25,Actual,,72898.0,,
South,2015-05-02,Actual,,77931.0,,
South,2015-05-09,Actual,,77101.0,,
South,2015-05-16,Actual,,74541.0,,
South,2015-05-23,Actual,,70531.0,,
South,2015-05-30,Actual,,76299.0,,
South,2015-06-06,Actual,,80450.0,,
South,2015-06-13,Actual,,79582.0,,
South,2015-06-20,Actual,,71725.0,,
South,2015-06-20,Backtest forecast,Prophet,79031.51214759708,,
South,2015-06-27,Actual,,77097.0,,
South,2015-06-27,Backtest forecast,Prophet,78347.77042459579,,
South,2015-07-04,Actual,,76540.0,,
South,2015-07-04,Backtest forecast,Prophet,77358.54571236784,,
South,2015-07-11,Actual,,81928.0,,
South,2015-07-11,Backtest forecast,Prophet,76622.89900735492,,
South,2015-07-18,Actual,,78337.0,,
South,2015-07-18,Backtest forecast,Prophet,76537.92477299974,,
South,2015-07-25,Actual,,74781.0,,
South,2015-07-25,Backtest forecast,Prophet,77168.94807357501,,
South,2015-08-01,Actual,,84597.0,,
South,2015-08-01,Backtest forecast,Prophet,78239.45170537451,,
South,2015-08-08,Actual,,80969.0,,
South,2015-08-08,Backtest forecast,Prophet,79278.86920139361,,
South,2015-08-15,Actual,,73980.0,,
South,2015-08-15,Backtest forecast,Prophet,79851.11772001014,,
South,2015-08-22,Actual,,72151.0,,
South,2015-08-22,Backtest forecast,Prophet,79750.92155618899,,
South,2015-08-29,Actual,,73173.0,,
South,2015-08-29,Backtest forecast,Prophet,79075.2486356673,,
South,2015-09-05,Actual,,75350.0,,
South,2015-09-05,Backtest forecast,Prophet,78142.2645426589,,
South,2015-09-12,Actual,,77126.0,,
South,2015-09-12,Backtest forecast,Prophet,75937.90541185973,,
South,2015-09-19,Actual,,74734.0,,
South,2015-09-19,Backtest forecast,Prophet,75784.84152737417,,
South,2015-09-26,Actual,,73238.0,,
South,2015-09-26,Backtest forecast,Prophet,75778.50560216769,,
South,2015-10-03,Actual,,81230.0,,
South,2015-10-03,Backtest forecast,Prophet,75594.21843375599,,
South,2015-10-10,Actual,,76820.0,,
South,2015-10-10,Backtest forecast,Prophet,74944.3811595296,,
South,2015-10-17,Actual,,74267.0,,
South,2015-10-17,Backtest forecast,Prophet,73743.86099125425,,
South,2015-10-24,Actual,,69580.0,,
South,2015-10-24,Backtest forecast,Prophet,72175.87623488311,,
South,2015-10-31,Actual,,71066.0,,
South,2015-10-31,Backtest forecast,Prophet,70621.0440525858,,
South,2015-11-07,Actual,,72514.0,,
South,2015-11-07,Backtest forecast,Prophet,69482.08482607121,,
South,2015-11-14,Actual,,71559.0,,
South,2015-11-14,Backtest forecast,Prophet,68991.09288893505,,
South,2015-11-21,Actual,,70616.0,,
South,2015-11-21,Backtest forecast,Prophet,69097.32625829837,,
South,2015-11-28,Actual,,64929.0,,
South,2015-11-28,Backtest forecast,Prophet,69494.83407993223,,
South,2015-12-05,Actual,,69799.0,,
South,2015-12-05,Backtest forecast,Prophet,69836.93685707176,,
South,2015-12-12,Actual,,75963.0,,
South,2015-12-12,Backtest forecast,Prophet,69707.70152922781,,
South,2015-12-19,Actual,,63760.0,,
South,2015-12-19,Backtest forecast,Prophet,69194.40128246073,,
South,2015-12-26,Actual,,68229.0,,
South,2015-12-26,Backtest forecast,Prophet,68564.44728436213,,
South,2016-01-02,Actual,,69155.0,,
South,2016-01-02,Backtest forecast,Prophet,68252.26776585841,,
South,2016-01-09,Actual,,76213.0,,
South,2016-01-09,Backtest forecast,Prophet,68648.86978341304,,
South,2016-01-16,Actual,,73123.0,,
South,2016-01-16,Backtest forecast,Prophet,69902.05899043506,,
South,2016-01-23,Actual,,69507.0,,
South,2016-01-23,Backtest forecast,Prophet,71825.2570409387,,
South,2016-01-30,Actual,,76145.0,,
South,2016-01-30,Backtest forecast,Prophet,73961.1273024627,,
South,2016-02-06,Actual,,83905.0,,
South,2016-02-06,Backtest forecast,Prophet,75771.40141053517,,
South,2016-02-13,Actual,,81043.0,,
South,2016-02-13,Backtest forecast,Prophet,76863.15703780805,,
South,2016-02-20,Actual,,77050.0,,
South,2016-02-20,Backtest forecast,Prophet,77144.4643537606,,
South,2016-02-27,Actual,,77212.0,,
South,2016-02-27,Backtest forecast,Prophet,77913.34595176553,,
South,2016-03-05,Actual,,78844.0,,
South,2016-03-05,Backtest forecast,Prophet,77308.89006830532,,
South,2016-03-12,Actual,,81524.0,,
South,2016-03-12,Backtest forecast,Prophet,76964.98536222425,,
South,2016-03-19,Actual,,77318.0,,
South,2016-03-19,Backtest forecast,Prophet,77052.67834713143,,
South,2016-03-26,Actual,,75542.0,,
South,2016-03-26,Backtest forecast,Prophet,77448.90322950983,,
South,2016-04-02,Actual,,79813.0,,
South,2016-04-02,Backtest forecast,Prophet,77829.84989230099,,
South,2016-04-09,Actual,,79556.0,,
South,2016-04-09,Backtest forecast,Prophet,77867.80133169513,,
South,2016-04-16,Actual,,76776.0,,
South,2016-04-16,Backtest forecast,Prophet,77429.11294563251,,
South,2016-04-23,Actual,,76535.0,,
South,2016-04-23,Backtest forecast,Prophet,76670.74982898483,,
South,2016-04-30,Actual,,82070.0,,
South,2016-04-30,Backtest forecast,Prophet,75983.99616832487,,
South,2016-05-07,Actual,,82793.0,,
South,2016-05-07,Backtest forecast,Prophet,75811.04625820175,,
South,2016-05-14,Actual,,84053.0,,
South,2016-05-14,Backtest forecast,Prophet,76424.7214723665,,
South,2016-05-21,Forecast,Prophet,79566.12983263866,74150.71394637688,86232.75735979632
South,2016-05-28,Forecast,Prophet,81053.105798866,75536.48361682316,87844.32295894316
South,2016-06-04,Forecast,Prophet,82389.43291769248,76781.85787513276,89292.61725745267
South,2016-06-11,Forecast,Prophet,83209.31611605997,77545.9383279519,90181.19621758196
South,2016-06-18,Forecast,Prophet,83372.62288579812,77698.13014114968,90358.18601311008
South,2016-06-25,Forecast,Prophet,83022.27083700238,77371.6236916664,89978.47892822535
South,2016-07-02,Forecast,Prophet,82507.13753462712,76891.55130120296,89420.18402101907
South,2016-07-09,Forecast,Prophet,82209.05044331543,76613.75256089155,89097.12103088447
South,2016-07-16,Forecast,Prophet,82359.21514376484,76753.69677800113,89259.86761922676
South,2016-07-23,Forecast,Prophet,82933.65450175846,77289.0387457922,89882.43767359505
South,2016-07-30,Forecast,Prophet,83676.96172874593,77981.7551274807,90688.02457198282
South,2016-08-06,Forecast,Prophet,84239.27054830779,78505.79218340588,91297.44770341506
West,2011-01-29,Actual,,82653.0,,
West,2011-02-05,Actual,,86969.0,,
West,2011-02-12,Actual,,75484.0,,
West,2011-02-19,Actual,,75764.0,,
West,2011-02-26,Actual,,74812.0,,
West,2011-03-05,Actual,,82245.0,,
West,2011-03-12,Actual,,77351.0,,
West,2011-03-19,Actual,,75649.0,,
West,2011-03-26,Actual,,77787.0,,
West,2011-04-02,Actual,,84632.0,,
West,2011-04-09,Actual,,78839.0,,
West,2011-04-16,Actual,,74123.0,,
West,2011-04-23,Actual,,68155.0,,
West,2011-04-30,Actual,,76245.0,,
West,2011-05-07,Actual,,75171.0,,
West,2011-05-14,Actual,,70556.0,,
West,2011-05-21,Actual,,70437.0,,
West,2011-05-28,Actual,,72924.0,,
West,2011-06-04,Actual,,82447.0,,
West,2011-06-11,Actual,,78811.0,,
West,2011-06-18,Actual,,77563.0,,
West,2011-06-25,Actual,,76243.0,,
West,2011-07-02,Actual,,87929.0,,
West,2011-07-09,Actual,,79473.0,,
West,2011-07-16,Actual,,78922.0,,
West,2011-07-23,Actual,,76766.0,,
West,2011-07-30,Actual,,81528.0,,
West,2011-08-06,Actual,,84580.0,,
West,2011-08-13,Actual,,84139.0,,
West,2011-08-20,Actual,,81059.0,,
West,2011-08-27,Actual,,79105.0,,
West,2011-09-03,Actual,,87434.0,,
West,2011-09-10,Actual,,81549.0,,
West,2011-09-17,Actual,,82771.0,,
West,2011-09-24,Actual,,86203.0,,
West,2011-10-01,Actual,,96372.0,,
West,2011-10-08,Actual,,94350.0,,
West,2011-10-15,Actual,,88892.0,,
West,2011-10-22,Actual,,84747.0,,
West,2011-10-29,Actual,,89517.0,,
West,2011-11-05,Actual,,95675.0,,
West,2011-11-12,Actual,,86072.0,,
West,2011-11-19,Actual,,87619.0,,
West,2011-11-26,Actual,,79323.0,,
West,2011-12-03,Actual,,95735.0,,
West,2011-12-10,Actual,,92584.0,,
West,2011-12-17,Actual,,96242.0,,
West,2011-12-24,Actual,,75991.0,,
West,2011-12-31,Actual,,89079.0,,
West,2012-01-07,Actual,,94622.0,,
West,2012-01-14,Actual,,90078.0,,
West,2012-01-21,Actual,,88877.0,,
West,2012-01-28,Actual,,96086.0,,
West,2012-02-04,Actual,,103637.0,,
West,2012-02-11,Actual,,97491.0,,
West,2012-02-18,Actual,,95798.0,,
West,2012-02-25,Actual,,95981.0,,
West,2012-03-03,Actual,,108420.0,,
West,2012-03-10,Actual,,101685.0,,
West,2012-03-17,Actual,,97553.0,,
West,2012-03-24,Actual,,96240.0,,
West,2012-03-31,Actual,,109021.0,,
West,2012-04-07,Actual,,104659.0,,
West,2012-04-14,Actual,,94734.0,,
West,2012-04-21,Actual,,94528.0,,
West,2012-04-28,Actual,,101199.0,,
West,2012-05-05,Actual,,105712.0,,
West,2012-05-12,Actual,,98537.0,,
West,2012-05-19,Actual,,98882.0,,
West,2012-05-26,Actual,,100835.0,,
West,2012-06-02,Actual,,111124.0,,
West,2012-06-09,Actual,,114986.0,,
West,2012-06-16,Actual,,109271.0,,
West,2012-06-23,Actual,,103698.0,,
West,2012-06-30,Actual,,111726.0,,
West,2012-07-07,Actual,,111012.0,,
West,2012-07-14,Actual,,106283.0,,
West,2012-07-21,Actual,,103960.0,,
West,2012-07-28,Actual,,103691.0,,
West,2012-08-04,Actual,,114058.0,,
West,2012-08-11,Actual,,115026.0,,
West,2012-08-18,Actual,,109184.0,,
West,2012-08-25,Actual,,102649.0,,
West,2012-09-01,Actual,,112706.0,,
West,2012-09-08,Actual,,108911.0,,
West,2012-09-15,Actual,,103271.0,,
West,2012-09-22,Actual,,100726.0,,
West,2012-09-29,Actual,,109508.0,,
West,2012-10-06,Actual,,105477.0,,
West,2012-10-13,Actual,,96076.0,,
West,2012-10-20,Actual,,91534.0,,
West,2012-10-27,Actual,,93759.0,,
West,2012-11-03,Actual,,100829.0,,
West,2012-11-10,Actual,,94117.0,,
West,2012-11-17,Actual,,90471.0,,
West,2012-11-24,Actual,,79304.0,,
West,2012-12-01,Actual,,97940.0,,
West,2012-12-08,Actual,,95296.0,,
West,2012-12-15,Actual,,95990.0,,
West,2012-12-22,Actual,,82673.0,,
West,2012-12-29,Actual,,95562.0,,
West,2013-01-05,Actual,,99266.0,,
West,2013-01-12,Actual,,95773.0,,
West,2013-01-19,Actual,,91967.0,,
West,2013-01-26,Actual,,95917.0,,
West,2013-02-02,Actual,,99892.0,,
West,2013-02-09,Actual,,102536.0,,
West,2013-02-16,Actual,,100160.0,,
West,2013-02-23,Actual,,102576.0,,
West,2013-03-02,Actual,,106459.0,,
West,2013-03-09,Actual,,104843.0,,
West,2013-03-16,Actual,,100810.0,,
West,2013-03-23,Actual,,100897.0,,
West,2013-03-30,Actual,,107473.0,,
West,2013-04-06,Actual,,111393.0,,
West,2013-04-13,Actual,,103732.0,,
West,2013-04-20,Actual,,103294.0,,
West,2013-04-27,Actual,,106333.0,,
West,2013-05-04,Actual,,110841.0,,
West,2013-05-11,Actual,,108307.0,,
West,2013-05-18,Actual,,109468.0,,
West,2013-05-25,Actual,,105695.0,,
West,2013-06-01,Actual,,120101.0,,
West,2013-06-08,Actual,,121592.0,,
West,2013-06-15,Actual,,111639.0,,
West,2013-06-22,Actual,,115226.0,,
West,2013-06-29,Actual,,133718.0,,
West,2013-07-06,Actual,,118986.0,,
West,2013-07-13,Actual,,115238.0,,
West,2013-07-20,Actual,,115369.0,,
West,2013-07-27,Actual,,116531.0,,
West,2013-08-03,Actual,,121865.0,,
West,2013-08-10,Actual,,120259.0,,
West,2013-08-17,Actual,,118855.0,,
West,2013-08-24,Actual,,121190.0,,
West,2013-08-31,Actual,,127093.0,,
West,2013-09-07,Actual,,126659.0,,
West,2013-09-14,Actual,,118976.0,,
West,2013-09-21,Actual,,115650.0,,
West,2013-09-28,Actual,,118235.0,,
West,2013-10-05,Actual,,122950.0,,
West,2013-10-12,Actual,,112876.0,,
West,2013-10-19,Actual,,109111.0,,
West,2013-10-26,Actual,,111150.0,,
West,2013-11-02,Actual,,115462.0,,
West,2013-11-09,Actual,,109042.0,,
West,2013-11-16,Actual,,104337.0,,
West,2013-11-23,Actual,,98797.0,,
West,2013-11-30,Actual,,106819.0,,
West,2013-12-07,Actual,,108108.0,,
West,2013-12-14,Actual,,104239.0,,
West,2013-12-21,Actual,,93043.0,,
West,2013-12-28,Actual,,103002.0,,
West,2014-01-04,Actual,,109367.0,,
West,2014-01-11,Actual,,108649.0,,
West,2014-01-18,Actual,,105652.0,,
West,2014-01-25,Actual,,100895.0,,
West,2014-02-01,Actual,,111935.0,,
West,2014-02-08,Actual,,114961.0,,
West,2014-02-15,Actual,,103984.0,,
West,2014-02-22,Actual,,100450.0,,
West,2014-03-01,Actual,,110565.0,,
West,2014-03-08,Actual,,113028.0,,
West,2014-03-15,Actual,,106607.0,,
West,2014-03-22,Actual,,107504.0,,
West,2014-03-29,Actual,,112453.0,,
West,2014-04-05,Actual,,122301.0,,
West,2014-04-12,Actual,,114341.0,,
West,2014-04-19,Actual,,110552.0,,
West,2014-04-26,Actual,,113567.0,,
West,2014-05-03,Actual,,116126.0,,
West,2014-05-10,Actual,,110252.0,,
West,2014-05-17,Actual,,107189.0,,
West,2014-05-24,Actual,,102741.0,,
West,2014-05-31,Actual,,116790.0,,
West,2014-06-07,Actual,,117151.0,,
West,2014-06-14,Actual,,113616.0,,
West,2014-06-21,Actual,,110842.0,,
West,2014-06-28,Actual,,123470.0,,
West,2014-07-05,Actual,,119847.0,,
West,2014-07-12,Actual,,114173.0,,
West,2014-07-19,Actual,,111428.0,,
West,2014-07-26,Actual,,113606.0,,
West,2014-08-02,Actual,,121043.0,,
West,2014-08-09,Actual,,115806.0,,
West,2014-08-16,Actual,,116340.0,,
West,2014-08-23,Actual,,113286.0,,
West,2014-08-30,Actual,,115370.0,,
West,2014-09-06,Actual,,116085.0,,
West,2014-09-13,Actual,,113212.0,,
West,2014-09-20,Actual,,110960.0,,
West,2014-09-27,Actual,,113801.0,,
West,2014-10-04,Actual,,118372.0,,
West,2014-10-11,Actual,,106768.0,,
West,2014-10-18,Actual,,106959.0,,
West,2014-10-25,Actual,,103196.0,,
West,2014-11-01,Actual,,113969.0,,
West,2014-11-08,Actual,,108257.0,,
West,2014-11-15,Actual,,102140.0,,
West,2014-11-22,Actual,,103507.0,,
West,2014-11-29,Actual,,102201.0,,
West,2014-12-06,Actual,,104223.0,,
West,2014-12-13,Actual,,98920.0,,
West,2014-12-20,Actual,,90139.0,,
West,2014-12-27,Actual,,96059.0,,
West,2015-01-03,Actual,,102758.0,,
West,2015-01-10,Actual,,104414.0,,
West,2015-01-17,Actual,,102667.0,,
West,2015-01-24,Actual,,101273.0,,
West,2015-01-31,Actual,,109331.0,,
West,2015-02-07,Actual,,116705.0,,
West,2015-02-14,Actual,,98743.0,,
West,2015-02-21,Actual,,98561.0,,
West,2015-02-28,Actual,,107681.0,,
West,2015-03-07,Actual,,110130.0,,
West,2015-03-14,Actual,,105870.0,,
West,2015-03-21,Actual,,105312.0,,
West,2015-03-28,Actual,,112341.0,,
West,2015-04-04,Actual,,112401.0,,
West,2015-04-11,Actual,,105650.0,,
West,2015-04-18,Actual,,105725.0,,
West,2015-04-25,Actual,,108976.0,,
West,2015-05-02,Actual,,115187.0,,
West,2015-05-09,Actual,,106555.0,,
West,2015-05-16,Actual,,107154.0,,
West,2015-05-23,Actual,,105494.0,,
West,2015-05-30,Actual,,118048.0,,
West,2015-06-06,Actual,,122630.0,,
West,2015-06-13,Actual,,118970.0,,
West,2015-06-20,Actual,,114923.0,,
West,2015-06-20,Backtest forecast,ARIMA+Fourier,118648.89722371148,,
West,2015-06-27,Actual,,129936.0,,
West,2015-06-27,Backtest forecast,ARIMA+Fourier,119231.0898194212,,
West,2015-07-04,Actual,,119239.0,,
West,2015-07-04,Backtest forecast,ARIMA+Fourier,119618.34161818612,,
West,2015-07-11,Actual,,124157.0,,
West,2015-07-11,Backtest forecast,ARIMA+Fourier,119657.83303684664,,
West,2015-07-18,Actual,,121177.0,,
West,2015-07-18,Backtest forecast,ARIMA+Fourier,119402.18927666644,,
West,2015-07-25,Actual,,117950.0,,
West,2015-07-25,Backtest forecast,ARIMA+Fourier,118972.20152493476,,
West,2015-08-01,Actual,,131107.0,,
West,2015-08-01,Backtest forecast,ARIMA+Fourier,118508.13793243218,,
West,2015-08-08,Actual,,128212.0,,
West,2015-08-08,Backtest forecast,ARIMA+Fourier,118134.97192685436,,
West,2015-08-15,Actual,,127399.0,,
West,2015-08-15,Backtest forecast,ARIMA+Fourier,117935.21469146438,,
West,2015-08-22,Actual,,118139.0,,
West,2015-08-22,Backtest forecast,ARIMA+Fourier,117931.84170708428,,
West,2015-08-29,Actual,,127226.0,,
West,2015-08-29,Backtest forecast,ARIMA+Fourier,118083.24712343546,,
West,2015-09-05,Actual,,128527.0,,
West,2015-09-05,Backtest forecast,ARIMA+Fourier,118290.74093291198,,
West,2015-09-12,Actual,,122994.0,,
West,2015-09-12,Backtest forecast,ARIMA+Fourier,125863.43695272053,,
West,2015-09-19,Actual,,125611.0,,
West,2015-09-19,Backtest forecast,ARIMA+Fourier,125298.0592152823,,
West,2015-09-26,Actual,,122496.0,,
West,2015-09-26,Backtest forecast,ARIMA+Fourier,124689.08246669224,,
West,2015-10-03,Actual,,133834.0,,
West,2015-10-03,Backtest forecast,ARIMA+Fourier,123687.24571309212,,
West,2015-10-10,Actual,,122803.0,,
West,2015-10-10,Backtest forecast,ARIMA+Fourier,122256.6718690712,,
West,2015-10-17,Actual,,120414.0,,
West,2015-10-17,Backtest forecast,ARIMA+Fourier,120468.27100261106,,
West,2015-10-24,Actual,,119090.0,,
West,2015-10-24,Backtest forecast,ARIMA+Fourier,118456.00893715072,,
West,2015-10-31,Actual,,118834.0,,
West,2015-10-31,Backtest forecast,ARIMA+Fourier,116387.1477225728,,
West,2015-11-07,Actual,,114769.0,,
West,2015-11-07,Backtest forecast,ARIMA+Fourier,114432.17144238752,,
West,2015-11-14,Actual,,112102.0,,
West,2015-11-14,Backtest forecast,ARIMA+Fourier,112738.52878348276,,
West,2015-11-21,Actual,,109965.0,,
West,2015-11-21,Backtest forecast,ARIMA+Fourier,111412.48576649204,,
West,2015-11-28,Actual,,107436.0,,
West,2015-11-28,Backtest forecast,ARIMA+Fourier,110510.66672683222,,
West,2015-12-05,Actual,,112600.0,,
West,2015-12-05,Backtest forecast,ARIMA+Fourier,108782.92250262645,,
West,2015-12-12,Actual,,112397.0,,
West,2015-12-12,Backtest forecast,ARIMA+Fourier,108959.15763223192,,
West,2015-12-19,Actual,,100748.0,,
West,2015-12-19,Backtest forecast,ARIMA+Fourier,109280.20710854864,,
West,2015-12-26,Actual,,106493.0,,
West,2015-12-26,Backtest forecast,ARIMA+Fourier,109849.4098483958,,
West,2016-01-02,Actual,,114786.0,,
West,2016-01-02,Backtest forecast,ARIMA+Fourier,110601.72779391022,,
West,2016-01-09,Actual,,117574.0,,
West,2016-01-09,Backtest forecast,ARIMA+Fourier,111459.30116312436,,
West,2016-01-16,Actual,,116899.0,,
West,2016-01-16,Backtest forecast,ARIMA+Fourier,112359.73802331372,,
West,2016-01-23,Actual,,117869.0,,
West,2016-01-23,Backtest forecast,ARIMA+Fourier,113261.27990816109,,
West,2016-01-30,Actual,,124397.0,,
West,2016-01-30,Backtest forecast,ARIMA+Fourier,114139.29527809157,,
West,2016-02-06,Actual,,123154.0,,
West,2016-02-06,Backtest forecast,ARIMA+Fourier,114977.89072336403,,
West,2016-02-13,Actual,,122541.0,,
West,2016-02-13,Backtest forecast,ARIMA+Fourier,115760.0751061616,,
West,2016-02-20,Actual,,119577.0,,
West,2016-02-20,Backtest forecast,ARIMA+Fourier,116460.105837828,,
West,2016-02-27,Actual,,124363.0,,
West,2016-02-27,Backtest forecast,ARIMA+Fourier,121738.54414894142,,
West,2016-03-05,Actual,,128131.0,,
West,2016-03-05,Backtest forecast,ARIMA+Fourier,122276.93831157444,,
West,2016-03-12,Actual,,122028.0,,
West,2016-03-12,Backtest forecast,ARIMA+Fourier,122402.683041956,,
West,2016-03-19,Actual,,119506.0,,
West,2016-03-19,Backtest forecast,ARIMA+Fourier,122292.48492859532,,
West,2016-03-26,Actual,,124759.0,,
West,2016-03-26,Backtest forecast,ARIMA+Fourier,121992.0425868188,,
West,2016-04-02,Actual,,130317.0,,
West,2016-04-02,Backtest forecast,ARIMA+Fourier,121553.80695633394,,
West,2016-04-09,Actual,,125994.0,,
West,2016-04-09,Backtest forecast,ARIMA+Fourier,121056.597322344,,
West,2016-04-16,Actual,,123163.0,,
West,2016-04-16,Backtest forecast,ARIMA+Fourier,120601.67723298114,,
West,2016-04-23,Actual,,124237.0,,
West,2016-04-23,Backtest forecast,ARIMA+Fourier,120299.99051951912,,
West,2016-04-30,Actual,,134064.0,,
West,2016-04-30,Backtest forecast,ARIMA+Fourier,120255.04381654016,,
West,2016-05-07,Actual,,129126.0,,
West,2016-05-07,Backtest forecast,ARIMA+Fourier,120544.98878930043,,
West,2016-05-14,Actual,,131017.0,,
West,2016-05-14,Backtest forecast,ARIMA+Fourier,121207.12873575612,,
West,2016-05-21,Forecast,ARIMA+Fourier,130050.00701200492,127086.27197339748,141191.4964976212
West,2016-05-28,Forecast,ARIMA+Fourier,131081.88503374014,128094.6343251312,142311.7763456519
West,2016-06-04,Forecast,ARIMA+Fourier,132518.6044255481,129498.61203779606,143871.58065198918
West,2016-06-11,Forecast,ARIMA+Fourier,134003.4605311341,130949.6294672564,145483.64558338103
West,2016-06-18,Forecast,ARIMA+Fourier,135352.3543294382,132267.7830610404,146948.10020645027
West,2016-06-25,Forecast,ARIMA+Fourier,136426.02193171158,133316.98264239024,148113.74978224764
West,2016-07-02,Forecast,ARIMA+Fourier,137133.98138106888,134008.8082654281,148882.3606913202
West,2016-07-09,Forecast,ARIMA+Fourier,137449.6063783636,134317.24042294495,149225.02553789713
West,2016-07-16,Forecast,ARIMA+Fourier,137414.28568411723,134282.72465890608,149186.67889115287
West,2016-07-23,Forecast,ARIMA+Fourier,137126.42433941131,134001.4234426705,148874.15623178004
West,2016-07-30,Forecast,ARIMA+Fourier,136717.6283808039,133601.94361509607,148430.33839213446
West,2016-08-06,Forecast,ARIMA+Fourier,136322.09937878762,133215.42840084495,148000.92410000195
